Date,Time,Off.Wrist.Status,Activity,White.Light,Red.Light,Green.Light,Blue.Light,Sleep.Wake,Interval.Status
4/9/2021,8:40:00 AM,0.2,50.3,391.6,454.9,886.4,353.6,-0.3,NA
4/9/2021,8:50:00 AM,0,201.6,165.45,210.5,291.1,150.8,0.5,NA
4/9/2021,9:00:00 AM,0,519.8,65.37,95.7,92.7,57.1,1,NA
4/9/2021,9:10:00 AM,0,354.5,209.86,333,265.4,176.8,1,NA
4/9/2021,9:20:00 AM,0,124.1,28.69,30.22,28.4,17.16,0.3,NA
4/9/2021,9:30:00 AM,0,81.8,27.23,28.3,23.3,15.88,0,NA
4/9/2021,9:40:00 AM,0,93.5,28.15,27.23,24.71,15.91,0,NA
4/9/2021,9:50:00 AM,0,97.2,26.69,27.07,23.63,15.79,0.1,NA
4/9/2021,10:00:00 AM,0,93.1,82.41,100,117.7,61.1,0.1,NA
4/9/2021,10:10:00 AM,0,34.7,304.3,352,430.1,246.2,0,NA
4/9/2021,10:20:00 AM,0,82.5,2152.3,1649,2000,1482,0,NA
4/9/2021,10:30:00 AM,0,55.7,2656.29,2797,5950,2325,0,NA
4/9/2021,10:40:00 AM,0,63.9,818.05,794,3039,622,0,NA
4/9/2021,10:50:00 AM,0,56.9,245.34,353,331,202,0,NA
4/9/2021,11:00:00 AM,0,538.6,210.84,318,307,182,1,NA
4/9/2021,11:10:00 AM,0,544.6,100.04,159.7,132.2,84.2,1,NA
4/9/2021,11:20:00 AM,0,457.2,77.66,115,104.1,63.5,1,NA
4/9/2021,11:30:00 AM,0,433.1,53,73.56,74,42.34,1,NA
4/9/2021,11:40:00 AM,0,622,65.53,95.7,92.6,55.5,1,NA
4/9/2021,11:50:00 AM,0,375,56.16,77.8,84.5,48.9,0.9,NA
4/9/2021,12:00:00 PM,0,224.2,36.61,32.4,30.5,19.8,0.7,NA
4/9/2021,12:10:00 PM,0,460.3,27.12,40.1,34.68,22.18,1,NA
4/9/2021,12:20:00 PM,0,613.2,470.12,686.5,767.58,439.05,1,NA
4/9/2021,12:30:00 PM,0,429.1,230.15,347.2,316.5,212.2,1,NA
4/9/2021,12:40:00 PM,0,189,101.7,137.8,122.4,84.7,0.5,NA
4/9/2021,12:50:00 PM,0,68.1,66.55,96.7,70.7,53.6,0.1,NA
4/9/2021,1:00:00 PM,0,53.2,470.8,611.4,644.7,440.5,0,NA
4/9/2021,1:10:00 PM,0,68.4,489.45,637,675.6,455,0.1,NA
4/9/2021,1:20:00 PM,0,160.9,214.62,296.6,315.93,198.21,0.4,NA
4/9/2021,1:30:00 PM,0,265.5,45.21,71.9,55.5,39,0.7,NA
4/9/2021,1:40:00 PM,0,122.4,45.12,64.1,53.99,38.43,0.2,NA
4/9/2021,1:50:00 PM,0,36.5,83.46,111.6,110.7,76,0,NA
4/9/2021,2:00:00 PM,0,116.6,84.56,117.2,108,76,0.1,NA
4/9/2021,2:10:00 PM,0,64.7,52.88,78.3,57.7,44.3,0,NA
4/9/2021,2:20:00 PM,0,66.2,882.91,947,1480,786,0,NA
4/9/2021,2:30:00 PM,0,118.7,957.85,1002,1624,863,0,NA
4/9/2021,2:40:00 PM,0,67.3,467.15,503,848,437,0,NA
4/9/2021,2:50:00 PM,0,235.5,97.07,131.9,154.2,100.4,0.5,NA
4/9/2021,3:00:00 PM,0,182.9,63.29,85.9,97.9,66.2,0.4,NA
4/9/2021,3:10:00 PM,0,472.2,232.84,430.391,283.1,206.39,0.8,NA
4/9/2021,3:20:00 PM,0,459.3,517.79,987.87,752,507.59,1,NA
4/9/2021,3:30:00 PM,0,312,63.23,140.59,187.6,114.19,0.6,NA
4/9/2021,3:40:00 PM,0,105.1,0,39.3,178,90.5,0,NA
4/9/2021,3:50:00 PM,0,228.1,11.83,37.2,15.8,74.2,0.5,NA
4/9/2021,4:00:00 PM,0,494.9,102.75,37,41,22.84,0.8,NA
4/9/2021,4:10:00 PM,0,359.9,78.26,35.3,40.3,21.63,0.9,NA
4/9/2021,4:20:00 PM,0,263.1,68.01,48,56,29.68,0.7,NA
4/9/2021,4:30:00 PM,0,301,95.02,71.85,70.87,44.97,0.8,NA
4/9/2021,4:40:00 PM,0,196,73.65,36.43,42.4,22.39,0.6,NA
4/9/2021,4:50:00 PM,0,622,2.99,183.3,897.9,195.3,1,NA
4/9/2021,5:00:00 PM,0,721.2,7.24,63.271,200.712,49.2,1,NA
4/9/2021,5:10:00 PM,0,392.4,185.29,268.2,167.2,125.58,0.9,NA
4/9/2021,5:20:00 PM,0,302.4,1821.79,424.67,323.558,243.419,0.8,NA
4/9/2021,5:30:00 PM,0,393.5,13.65,17.331,6.08,5.1811,1,NA
4/9/2021,5:40:00 PM,0,427.9,0.34,1.822,0.517,0.2137,1,NA
4/9/2021,5:50:00 PM,0,360.8,0.99,8.341,0.96,0.4206,1,NA
4/9/2021,6:00:00 PM,0,282.4,0.33,1.831,0.416,0.139,1,NA
4/9/2021,6:10:00 PM,0,333.1,6.99,12.231,5.61,4.54,0.7,NA
4/9/2021,6:20:00 PM,0,434.5,5.01,14.99,5.21,4.374,0.8,NA
4/9/2021,6:30:00 PM,0,429.2,0.67,5.97,0.568,0.28,1,NA
4/9/2021,6:40:00 PM,0,342.4,0.45,3.78,0.46,0.1912,1,NA
4/9/2021,6:50:00 PM,0,438.2,0.47,4.271,0.408,0.1983,1,NA
4/9/2021,7:00:00 PM,0,587.4,1.16,6.9,1.242,0.9672,1,NA
4/9/2021,7:10:00 PM,0,335.9,0.14,1.072,0.153,0.0634,1,NA
4/9/2021,7:20:00 PM,0,464,0.3,2.741,0.254,0.1277,1,NA
4/9/2021,7:30:00 PM,0,428.6,0.61,3.441,0.657,0.4941,1,NA
4/9/2021,7:40:00 PM,0,255.2,0,3.862,11.922,4.44,0.9,NA
4/9/2021,7:50:00 PM,0,491.4,1.08,0.72,0.66,0.758,0.9,NA
4/9/2021,8:00:00 PM,0,163,0.98,1.14,1.07,0.77,0.4,NA
4/9/2021,8:10:00 PM,0,241.1,0,3.35,5.53,22.35,0.7,NA
4/9/2021,8:20:00 PM,0,310.6,0,0.43,0,20,1,NA
4/9/2021,8:30:00 PM,0,441.2,0,0.59,0,0.51,1,NA
4/9/2021,8:40:00 PM,0,352.6,0,0,0,0,0.7,NA
4/9/2021,8:50:00 PM,0,372.9,0,0.35,0.34,0.34,0.9,NA
4/9/2021,9:00:00 PM,0,588,0,0,0,0,1,NA
4/9/2021,9:10:00 PM,0,260.2,0,0,0,0,0.7,NA
4/9/2021,9:20:00 PM,0,418.5,0,0,0,0,0.9,NA
4/9/2021,9:30:00 PM,0,922.1,0.72,4.8,2.31,1.77,1,NA
4/9/2021,9:40:00 PM,0.4,322.1,2.87,19.48,5,46.8,0,NA
4/9/2021,9:50:00 PM,1,-1,-1,-1,-1,-1,-1,NA
4/9/2021,10:00:00 PM,1,-1,-1,-1,-1,-1,-1,NA
4/9/2021,10:10:00 PM,1,-1,-1,-1,-1,-1,-1,NA
4/9/2021,10:20:00 PM,1,-1,-1,-1,-1,-1,-1,NA
4/9/2021,10:30:00 PM,1,-1,-1,-1,-1,-1,-1,NA
4/9/2021,10:40:00 PM,0.5,463.4,-0.5,13.3,64.9,16.4,-0.2,NA
4/9/2021,10:50:00 PM,0,1006.5,236.75,78.8,130.6,52.7,1,NA
4/9/2021,11:00:00 PM,0,630.2,0,56.3,128.9,51.49,1,NA
4/9/2021,11:10:00 PM,0,709.6,2.63,59.8,74.9,47.2,1,NA
4/9/2021,11:20:00 PM,0,638.7,0.56,42.47,71.1,30.87,1,NA
4/9/2021,11:30:00 PM,0,376.4,21.31,52.5,229.61,69,0.9,NA
4/9/2021,11:40:00 PM,0,299.2,0,50.3,79.9,48.4,1,NA
4/9/2021,11:50:00 PM,0,611.8,0,55.02,190.2,44,0.8,NA
4/9/2021,12:00:00 AM,0,534.7,0,121.2,470.5,109.7,1,NA
4/10/2021,12:10:00 AM,0,481.8,0,25.42,23.4,32.39,1,NA
4/10/2021,12:20:00 AM,0,561.8,299.85,100.9,141.8,70.2,1,NA
4/10/2021,12:30:00 AM,0,566.7,0,18.01,25.49,52.9,0.8,NA
4/10/2021,12:40:00 AM,0,449,0,42.07,194.33,40.4,1,NA
4/10/2021,12:50:00 AM,0,497.2,0,54.1,159.9,47.3,1,NA
4/10/2021,1:00:00 AM,0,510.2,0,46.9,83.5,42.6,1,NA
4/10/2021,1:10:00 AM,0,350.1,7.83,15.81,44.89,7.68,1,NA
4/10/2021,1:20:00 AM,0,256.7,28.2,67.08,31.87,21.72,1,NA
4/10/2021,1:30:00 AM,0,290.1,36.63,103,30.38,29.89,0.6,NA
4/10/2021,1:40:00 AM,0,307.1,45.33,135.83,53.3,38.8,0.8,NA
4/10/2021,1:50:00 AM,0,400.3,36.66,140.9,42.23,33.09,0.9,NA
4/10/2021,2:00:00 AM,0,210.5,105.42,248.6,115.52,82.28,0.7,NA
4/10/2021,2:10:00 AM,0,95.2,24.06,83.8,26.53,21.69,0,NA
4/10/2021,2:20:00 AM,0,205.8,240.27,609.3,242,189.54,0.7,NA
4/10/2021,2:30:00 AM,0,250.8,101.6,278.4,107.16,80.91,0.6,NA
4/10/2021,2:40:00 AM,0,191.4,29.68,110.35,31.412,27.819,0.6,NA
4/10/2021,2:50:00 AM,0,75.7,10.66,42.26,12.99,10.079,0.1,NA
4/10/2021,3:00:00 AM,0,145.5,114.91,72.5,34.04,23.04,0.4,NA
4/10/2021,3:10:00 AM,0,423.1,73.63,179.4,84.8,58.1,0.9,NA
4/10/2021,3:20:00 AM,0,180.7,49.42,156.5,57.54,45.7,0.5,NA
4/10/2021,3:30:00 AM,0,357.5,0,13.681,84,13.8,0.7,NA
4/10/2021,3:40:00 AM,0,150.7,0,0,0,0,0.3,NA
4/10/2021,3:50:00 AM,0,213,0,0,0,0,0.6,NA
4/10/2021,4:00:00 AM,0,198.2,0,0,0,0,0.6,NA
4/10/2021,4:10:00 AM,0,238.2,0,12.63,2.8,33,0.5,NA
4/10/2021,4:20:00 AM,0,88.7,0,0,0,0,0,NA
4/10/2021,4:30:00 AM,0,277,0,0,0,0,0.8,NA
4/10/2021,4:40:00 AM,0,110.9,0,0,0,0,0.1,NA
4/10/2021,4:50:00 AM,0,136.5,0,0,0,0,0.4,NA
4/10/2021,5:00:00 AM,0,189.2,0,0,0,0,0.5,NA
4/10/2021,5:10:00 AM,0,192.7,0,0,0,0,0.4,NA
4/10/2021,5:20:00 AM,0,89.6,0,0,0,0,0.2,NA
4/10/2021,5:30:00 AM,0,41,0,0,0,0,0,NA
4/10/2021,5:40:00 AM,0,1.5,0,0,0,0,0,NA
4/10/2021,5:50:00 AM,0,0.2,0,0,0,0,0,NA
4/10/2021,6:00:00 AM,0,29.2,0,0,0,0,0,NA
4/10/2021,6:10:00 AM,0,0,0,0,0,0,0,NA
4/10/2021,6:20:00 AM,0,0,0,0,0,0,0,NA
4/10/2021,6:30:00 AM,0,0,0,0,0,0,0,NA
4/10/2021,6:40:00 AM,0,1.6,0,0,0,0,0,NA
4/10/2021,6:50:00 AM,0,0,0,0,0,0,0,NA
4/10/2021,7:00:00 AM,0,17.3,0,0,0,0,0,NA
4/10/2021,7:10:00 AM,0,23,0,0,0,0,0,NA
4/10/2021,7:20:00 AM,0,0,0,0,0,0,0,NA
4/10/2021,7:30:00 AM,0,0.3,0,0,0,0,0,NA
4/10/2021,7:40:00 AM,0,0,0,0,0,0,0,NA
4/10/2021,7:50:00 AM,0,0,0,0,0,0,0,NA
4/10/2021,8:00:00 AM,0,19.6,0,0,0,0,0,NA
4/10/2021,8:10:00 AM,0,21.3,0.14,0.515,0.257,0.1166,0,NA
4/10/2021,8:20:00 AM,0,35.1,0,0,0,0,0,NA
4/10/2021,8:30:00 AM,0,28.8,0,0,0,0,0,NA
4/10/2021,8:40:00 AM,0,0,0,0,0,0,0,NA
4/10/2021,8:50:00 AM,0,62.1,0,0,0.006,0,0.1,NA
4/10/2021,9:00:00 AM,0,299.7,0.1,0.483,0.205,0.098,0.7,NA
4/10/2021,9:10:00 AM,0,225.9,0.66,1.214,1.448,0.515,0.9,NA
4/10/2021,9:20:00 AM,0,247.5,13.39,8.462,12.382,5.0473,0.9,NA
4/10/2021,9:30:00 AM,0,211.4,22.98,44.41,224,30.49,0.7,NA
4/10/2021,9:40:00 AM,0,299.2,0,2.96,7.73,1.2,0.8,NA
4/10/2021,9:50:00 AM,0,141,0,1.8,0,0,0.2,NA
4/10/2021,10:00:00 AM,0,172.8,0,12.4,5.3,22.1,0.4,NA
4/10/2021,10:10:00 AM,0,365.9,20.27,57.95,94.37,49.46,1,NA
4/10/2021,10:20:00 AM,0,474.7,28.16,11.312,10.83,8.9,1,NA
4/10/2021,10:30:00 AM,0,431.7,43.21,52.76,54.74,38.21,1,NA
4/10/2021,10:40:00 AM,0,258.6,0,0.24,0,0.2,0.7,NA
4/10/2021,10:50:00 AM,0,12.5,0,0,0,0,0,NA
4/10/2021,11:00:00 AM,0,80.5,9.9,13.881,8.429,6.4,0.3,NA
4/10/2021,11:10:00 AM,0,230.6,397.11,65.1,69.9,36.38,0.6,NA
4/10/2021,11:20:00 AM,0,183.3,10.4,24.03,12.03,8.89,0.5,NA
4/10/2021,11:30:00 AM,0,138.4,0,0,0,0,0.4,NA
4/10/2021,11:40:00 AM,0,10.5,0,0,0,0,0,NA
4/10/2021,11:50:00 AM,0,4.2,0,0,0,0,0,NA
4/10/2021,12:00:00 PM,0,25.4,0,0,0,0,0.1,NA
4/10/2021,12:10:00 PM,0,447.4,0,145.32,231.4,141.25,1,NA
4/10/2021,12:20:00 PM,0,466.9,0,106.75,321.17,116.25,0.7,NA
4/10/2021,12:30:00 PM,0,512.9,22.6,164.131,26.758,9.7131,1,NA
4/10/2021,12:40:00 PM,0,456.9,4.85,42.4,4.55,2.05,1,NA
4/10/2021,12:50:00 PM,0,551.1,81.78,556.9,105.44,35.08,1,NA
4/10/2021,1:00:00 PM,0,156.1,14.17,94.9,18.52,6.13,0.2,NA
4/10/2021,1:10:00 PM,0,158.5,9.77,61.2,12.61,4.28,0.4,NA
4/10/2021,1:20:00 PM,0,114.8,6.36,46.28,7.83,2.732,0.2,NA
4/10/2021,1:30:00 PM,0,123.4,2.61,20.43,2.83,1.102,0.3,NA
4/10/2021,1:40:00 PM,0,315.4,5.09,38.8,5.71,2.165,0.7,NA
4/10/2021,1:50:00 PM,0,396,8.87,66.581,10.629,3.7893,1,NA
4/10/2021,2:00:00 PM,0,258.1,8.27,63.8,9.39,3.51,0.7,NA
4/10/2021,2:10:00 PM,0,190.1,18.3,128.5,23.39,7.851,0.4,NA
4/10/2021,2:20:00 PM,0,144.5,7.85,58.06,9.63,3.347,0.3,NA
4/10/2021,2:30:00 PM,0,213.7,9.29,68.92,10.764,3.902,0.5,NA
4/10/2021,2:40:00 PM,0,345,8.31,59.6,10.22,3.56,0.8,NA
4/10/2021,2:50:00 PM,0,142.4,7.49,51.291,9.682,3.2163,0.3,NA
4/10/2021,3:00:00 PM,0,664,9.91,68.071,13.006,4.2531,1,NA
4/10/2021,3:10:00 PM,0,293.3,0,0,0,0,1,NA
4/10/2021,3:20:00 PM,0,157.3,0,0,0,0,0.4,NA
4/10/2021,3:30:00 PM,0,190.4,0,0,0,0,0.6,NA
4/10/2021,3:40:00 PM,0,237.1,0.69,2.1,0.87,0.75,0.7,NA
4/10/2021,3:50:00 PM,0,134.8,0,0,0,0,0.3,NA
4/10/2021,4:00:00 PM,0,141.5,0,0,0,0,0.2,NA
4/10/2021,4:10:00 PM,0,167.5,0,0,0,0,0.5,NA
4/10/2021,4:20:00 PM,0,263.6,0.02,0.152,0.035,0.0093,0.7,NA
4/10/2021,4:30:00 PM,0,232.4,0,0,0,0,0.8,NA
4/10/2021,4:40:00 PM,0,265.2,0,0,0,0,0.9,NA
4/10/2021,4:50:00 PM,0,309,2.23,15.762,2.608,0.9586,0.7,NA
4/10/2021,5:00:00 PM,0,196.1,0.25,1.312,0.309,0.1646,0.6,NA
4/10/2021,5:10:00 PM,0,300.5,6.88,49.942,8.302,2.9462,0.8,NA
4/10/2021,5:20:00 PM,0,311.2,1.37,9.533,1.744,0.5838,0.7,NA
4/10/2021,5:30:00 PM,0,322.5,0.02,0.081,0.029,0.0093,1,NA
4/10/2021,5:40:00 PM,0,237.6,0,0,0,0,0.7,NA
4/10/2021,5:50:00 PM,0,150.4,0,0,0,0,0.3,NA
4/10/2021,6:00:00 PM,0,105.3,0,0,0,0,0.2,NA
4/10/2021,6:10:00 PM,0,175.3,0,0,0,0,0.4,NA
4/10/2021,6:20:00 PM,0,391,1.01,4.38,4.15,1.396,0.9,NA
4/10/2021,6:30:00 PM,0,392.1,1.89,13.43,2.198,0.8113,1,NA
4/10/2021,6:40:00 PM,0,269.2,1.51,11.12,1.798,0.64,0.8,NA
4/10/2021,6:50:00 PM,0,570.7,2.03,12.78,2.511,0.919,0.7,NA
4/10/2021,7:00:00 PM,0,509,0.16,1.311,0.163,0.069,1,NA
4/10/2021,7:10:00 PM,0,568.3,0,0,0,0,1,NA
4/10/2021,7:20:00 PM,0,1222.1,0,29.05,46.3,24.7,1,NA
4/10/2021,7:30:00 PM,0,680.7,0,15.01,23.8,10.47,1,NA
4/10/2021,7:40:00 PM,0,319,0,9.93,13.85,65.98,0.6,NA
4/10/2021,7:50:00 PM,0,512.4,1.51,13.14,22.55,10.2,1,NA
4/10/2021,8:00:00 PM,0,657.9,0,28.9,49,24.4,1,NA
4/10/2021,8:10:00 PM,0,592,2.12,15.7,18.55,50.58,1,NA
4/10/2021,8:20:00 PM,0,309.3,0.98,32.36,92.23,38.13,0.9,NA
4/10/2021,8:30:00 PM,0,531.8,0,7.65,9.43,68.38,0.8,NA
4/10/2021,8:40:00 PM,1,-1,-1,-1,-1,-1,-1,NA
4/10/2021,8:50:00 PM,1,-1,-1,-1,-1,-1,-1,NA
4/10/2021,9:00:00 PM,1,-1,-1,-1,-1,-1,-1,NA
4/10/2021,9:10:00 PM,1,-1,-1,-1,-1,-1,-1,NA
4/10/2021,9:20:00 PM,1,-1,-1,-1,-1,-1,-1,NA
4/10/2021,9:30:00 PM,1,-1,-1,-1,-1,-1,-1,NA
4/10/2021,9:40:00 PM,1,-1,-1,-1,-1,-1,-1,NA
4/10/2021,9:50:00 PM,0.8,92.2,-0.8,1.33,-0.8,6.96,-0.8,NA
4/10/2021,10:00:00 PM,0,922.5,2.82,14.86,5.9,63.6,1,NA
4/10/2021,10:10:00 PM,0,838.9,7.3,27.87,10.051,7.991,1,NA
4/10/2021,10:20:00 PM,0,743.2,7.07,19.98,7.25,5.55,1,NA
4/10/2021,10:30:00 PM,0,590.4,8.59,25.75,9.29,7.33,1,NA
4/10/2021,10:40:00 PM,0,554.3,22.68,64.38,23.2,19.02,1,NA
4/10/2021,10:50:00 PM,0,628.3,15.34,45.19,18.12,13.5,1,NA
4/10/2021,11:00:00 PM,0,638.7,16.39,65.2,21.55,16.58,1,NA
4/10/2021,11:10:00 PM,0,532.2,5.72,27,6.54,5.49,1,NA
4/10/2021,11:20:00 PM,0,645.6,12.1,40.2,31.78,10.49,1,NA
4/10/2021,11:30:00 PM,0,747.1,14.29,45.3,29.46,12.84,1,NA
4/10/2021,11:40:00 PM,0,770.6,14.69,52.7,16.22,13.64,1,NA
4/10/2021,11:50:00 PM,0,808,19.3,66.9,23.17,16.07,1,NA
4/10/2021,12:00:00 AM,0,698.5,34.28,67.1,25.09,19.77,1,NA
4/11/2021,12:10:00 AM,0,570.2,3.21,25,47.81,23.46,1,NA
4/11/2021,12:20:00 AM,0,455.6,0,31.8,70,49.2,0.8,NA
4/11/2021,12:30:00 AM,0,81.1,0,0.24,0,0,0.2,NA
4/11/2021,12:40:00 AM,0,0,0,0,0,0,0,NA
4/11/2021,12:50:00 AM,0,0,0,0,0,0,0,NA
4/11/2021,1:00:00 AM,0,0,0,0,0,0,0,NA
4/11/2021,1:10:00 AM,0,0,0,0,0,0,0,NA
4/11/2021,1:20:00 AM,0,0,0,0,0,0,0,NA
4/11/2021,1:30:00 AM,0,0,0,0,0,0,0,NA
4/11/2021,1:40:00 AM,0,3.8,0,0,0,0,0,NA
4/11/2021,1:50:00 AM,0,0,0,0,0,0,0,NA
4/11/2021,2:00:00 AM,0,0,0,0,0,0,0,NA
4/11/2021,2:10:00 AM,0,0.2,0,0,0,0,0,NA
4/11/2021,2:20:00 AM,0,0,0,0,0,0,0,NA
4/11/2021,2:30:00 AM,0,0,0,0,0,0,0,NA
4/11/2021,2:40:00 AM,0,0,0,0,0,0,0,NA
4/11/2021,2:50:00 AM,0,0,0,0,0,0,0,NA
4/11/2021,3:00:00 AM,0,12.1,0,0,0,0,0,NA
4/11/2021,3:10:00 AM,0,0,0,0,0,0,0,NA
4/11/2021,3:20:00 AM,0,20,0,0,0,0,0,NA
4/11/2021,3:30:00 AM,0,1.9,0,0,0,0,0,NA
4/11/2021,3:40:00 AM,0,0,0,0,0,0,0,NA
4/11/2021,3:50:00 AM,0,0,0,0,0,0,0,NA
4/11/2021,4:00:00 AM,0,0,0,0,0,0,0,NA
4/11/2021,4:10:00 AM,0,3.4,0,0,0,0,0,NA
4/11/2021,4:20:00 AM,0,0,0,0,0,0,0,NA
4/11/2021,4:30:00 AM,0,0,0,0,0,0,0,NA
4/11/2021,4:40:00 AM,0,0,0,0,0,0,0,NA
4/11/2021,4:50:00 AM,0,0,0,0,0,0,0,NA
4/11/2021,5:00:00 AM,0,0.6,0,0,0,0,0,NA
4/11/2021,5:10:00 AM,0,0.6,0,0,0,0,0,NA
4/11/2021,5:20:00 AM,0,0.4,0,0,0,0,0,NA
4/11/2021,5:30:00 AM,0,10.5,0,0,0,0,0,NA
4/11/2021,5:40:00 AM,0,24.1,0,0,0,0,0,NA
4/11/2021,5:50:00 AM,0,0.2,0,0,0,0,0,NA
4/11/2021,6:00:00 AM,0,0,0,0,0,0,0,NA
4/11/2021,6:10:00 AM,0,0,0,0,0,0,0,NA
4/11/2021,6:20:00 AM,0,4.6,0,0,0,0,0,NA
4/11/2021,6:30:00 AM,0,5.3,0,0,0,0,0,NA
4/11/2021,6:40:00 AM,0,0,0,0,0,0,0,NA
4/11/2021,6:50:00 AM,0,0,0,0,0,0,0,NA
4/11/2021,7:00:00 AM,0,1.4,0,0,0,0,0,NA
4/11/2021,7:10:00 AM,0,4.4,0,0,0,0,0,NA
4/11/2021,7:20:00 AM,0,8.4,0,0,0,0,0,NA
4/11/2021,7:30:00 AM,0,21,0,0,0,0,0,NA
4/11/2021,7:40:00 AM,0,8.8,0,0,0,0,0,NA
4/11/2021,7:50:00 AM,0,19.3,0,0,0,0,0,NA
4/11/2021,8:00:00 AM,0,0,0,0,0,0,0,NA
4/11/2021,8:10:00 AM,0,10.8,0,0,0,0,0,NA
4/11/2021,8:20:00 AM,0,85.4,0.21,0.21,0.68,0.22,0.2,NA
4/11/2021,8:30:00 AM,0,89.2,1.31,2.342,2.202,1.2823,0.1,NA
4/11/2021,8:40:00 AM,0,138.8,1.82,2.51,4.151,1.861,0.4,NA
4/11/2021,8:50:00 AM,0,218.5,11.67,17.38,30.288,13.759,0.6,NA
4/11/2021,9:00:00 AM,0,399.4,9.64,16.871,28.6,8.98,1,NA
4/11/2021,9:10:00 AM,0,222.3,2.17,2.97,4.1,2.207,0.6,NA
4/11/2021,9:20:00 AM,0,40,0.5,1.064,0.658,0.4352,0,NA
4/11/2021,9:30:00 AM,0,55.5,0,0,0,0,0,NA
4/11/2021,9:40:00 AM,0,56.9,0.17,0.261,0.298,0.1593,0,NA
4/11/2021,9:50:00 AM,0,167.6,0.49,0.54,1.26,0.319,0.3,NA
4/11/2021,10:00:00 AM,0,315.1,11.96,22.85,52.88,16.499,0.9,NA
4/11/2021,10:10:00 AM,0,450.2,11.8,43.33,86.8,32.94,1,NA
4/11/2021,10:20:00 AM,0,488.3,14.1,12.71,9.44,6.22,1,NA
4/11/2021,10:30:00 AM,0,401.2,4.74,6.981,3.69,2.72,1,NA
4/11/2021,10:40:00 AM,0,414.6,3.66,7.42,7,4.179,1,NA
4/11/2021,10:50:00 AM,0,345.6,4.25,8.02,7.312,5.077,1,NA
4/11/2021,11:00:00 AM,0,633,86.11,175.42,420.11,108.4,1,NA
4/11/2021,11:10:00 AM,0,157.2,292.51,506.12,382.3,265.99,0.3,NA
4/11/2021,11:20:00 AM,0,186.1,4.93,10.43,13.89,7.01,0.3,NA
4/11/2021,11:30:00 AM,0,167.4,107.96,169.1,196.6,114.63,0.4,NA
4/11/2021,11:40:00 AM,0,71,128.95,271.2,144,526.6,0.1,NA
4/11/2021,11:50:00 AM,0,145.3,25.66,36.8,42.88,25.8,0.3,NA
4/11/2021,12:00:00 PM,0,115.3,172.46,273.2,216.6,153.8,0.2,NA
4/11/2021,12:10:00 PM,0,59.4,69.75,110.2,91.4,64.3,0,NA
4/11/2021,12:20:00 PM,0,84,56.94,85.6,75.5,52.4,0.1,NA
4/11/2021,12:30:00 PM,0,74.4,6.34,9.24,9.47,5.969,0,NA
4/11/2021,12:40:00 PM,0,27,6.9,9.15,9.922,6.469,0,NA
4/11/2021,12:50:00 PM,0,31.6,16.77,21.34,23.89,15.33,0,NA
4/11/2021,1:00:00 PM,0,168.9,48.93,79.4,62.7,44.8,0.4,NA
4/11/2021,1:10:00 PM,0,79,47.07,71.87,60.67,43.52,0,NA
4/11/2021,1:20:00 PM,0,137.1,27.37,36.8,39.2,26.8,0.2,NA
4/11/2021,1:30:00 PM,0,79.6,64.72,91.1,85.3,59.2,0,NA
4/11/2021,1:40:00 PM,0,91.6,66.77,82.4,112.7,70.4,0,NA
4/11/2021,1:50:00 PM,0,137.2,38.76,45.97,67.59,40.74,0.4,NA
4/11/2021,2:00:00 PM,0,622.2,107.47,193.2,153.89,101.35,1,NA
4/11/2021,2:10:00 PM,0,631,99.9,154.5,164.9,95.9,1,NA
4/11/2021,2:20:00 PM,0,515.5,75.21,124.4,116.8,71.6,0.9,NA
4/11/2021,2:30:00 PM,0,385.8,542.37,778.3,820.5,510.3,0.9,NA
4/11/2021,2:40:00 PM,0,364.1,1014.27,2922.3,1282.9,791,1,NA
4/11/2021,2:50:00 PM,0,299,109.05,147.26,137.49,91.88,0.7,NA
4/11/2021,3:00:00 PM,0,320,722.04,1086.6,961,638.2,0.7,NA
4/11/2021,3:10:00 PM,0,287.2,371.89,533.9,510.27,338.37,0.6,NA
4/11/2021,3:20:00 PM,0,294.5,13.97,25.291,15.145,10.8884,0.6,NA
4/11/2021,3:30:00 PM,0,145.8,92.14,134.8,94.367,66.051,0.3,NA
4/11/2021,3:40:00 PM,0,211.3,62.75,89.84,66.85,46.69,0.4,NA
4/11/2021,3:50:00 PM,0,137.9,28.5,51.23,31.575,23.468,0.4,NA
4/11/2021,4:00:00 PM,0,156.2,85.22,144,97,72,0.4,NA
4/11/2021,4:10:00 PM,0,71.5,99.6,156.1,106,78.2,0.1,NA
4/11/2021,4:20:00 PM,0,115.1,139.13,217.3,145.3,106.1,0.1,NA
4/11/2021,4:30:00 PM,0,200.5,163,237,164.5,120.1,0.8,NA
4/11/2021,4:40:00 PM,0,151.2,164.29,257.8,174.8,127.4,0.4,NA
4/11/2021,4:50:00 PM,0,204.4,180.83,277,222,150.3,0.6,NA
4/11/2021,5:00:00 PM,0,206.7,131.1,205.98,134.85,97.9,0.8,NA
4/11/2021,5:10:00 PM,0,129.4,128.25,193,128.4,92.9,0.3,NA
4/11/2021,5:20:00 PM,0,77,119.69,172.3,109.3,81.3,0,NA
4/11/2021,5:30:00 PM,0,63.4,54.6,82.67,54.24,38.92,0,NA
4/11/2021,5:40:00 PM,0,326.3,48.42,79.1,48.7,36.3,0.8,NA
4/11/2021,5:50:00 PM,0,353.3,23.92,46.76,28.75,21.31,0.8,NA
4/11/2021,6:00:00 PM,0,517.3,11.21,26.64,14.999,10.161,0.9,NA
4/11/2021,6:10:00 PM,0,439.9,3.13,11.011,4.353,2.835,1,NA
4/11/2021,6:20:00 PM,0,306.7,35.01,68.18,54.696,37.279,0.6,NA
4/11/2021,6:30:00 PM,0,109.3,49.46,82.9,82.9,52.9,0.2,NA
4/11/2021,6:40:00 PM,0,178.3,51.64,76.8,99.9,55,0.5,NA
4/11/2021,6:50:00 PM,0,183.4,38.72,66.1,62.8,41.4,0.4,NA
4/11/2021,7:00:00 PM,0,120.2,23.98,49.7,35.2,25.3,0.4,NA
4/11/2021,7:10:00 PM,0,188.3,10.62,25.9,14.24,11.22,0.6,NA
4/11/2021,7:20:00 PM,0,110.6,15.71,32.6,29.16,16.55,0.2,NA
4/11/2021,7:30:00 PM,0,192.1,37.35,55.9,72.1,40.05,0.5,NA
4/11/2021,7:40:00 PM,0,142.6,3.14,13.94,3.87,2.71,0.4,NA
4/11/2021,7:50:00 PM,0,168.5,6.67,21.3,10.11,5.957,0.3,NA
4/11/2021,8:00:00 PM,0,154.8,4.27,22.9,5.27,2.53,0.4,NA
4/11/2021,8:10:00 PM,0,145.7,2.07,12.43,2.516,1.007,0.3,NA
4/11/2021,8:20:00 PM,0,116.7,3.52,18.75,4.06,2.537,0.1,NA
4/11/2021,8:30:00 PM,0,117,4.23,23.8,4.88,2.906,0.2,NA
4/11/2021,8:40:00 PM,0,402.3,1.99,11.233,2.269,1.0773,0.7,NA
4/11/2021,8:50:00 PM,0,462.5,0.68,16.64,37.329,8.4743,1,NA
4/11/2021,9:00:00 PM,0,186.7,1.09,6.36,1.32,0.589,0.5,NA
4/11/2021,9:10:00 PM,0,34.1,0,0,0,0,0,NA
4/11/2021,9:20:00 PM,0,57.8,0,0,0,0,0,NA
4/11/2021,9:30:00 PM,0,107.6,0,0,0,0,0.3,NA
4/11/2021,9:40:00 PM,0,135.7,0,0,0,0,0.2,NA
4/11/2021,9:50:00 PM,0,67.4,0,0,0,0,0.2,NA
4/11/2021,10:00:00 PM,0,0,0,0,0,0,0,NA
4/11/2021,10:10:00 PM,0,60.8,0,0,0,0,0.1,NA
4/11/2021,10:20:00 PM,0,56.1,0,0,0,0,0.1,NA
4/11/2021,10:30:00 PM,0,6.5,0,0,0,0,0,NA
4/11/2021,10:40:00 PM,0,39.6,0,0,0,0,0,NA
4/11/2021,10:50:00 PM,0,0,0,0,0,0,0,NA
4/11/2021,11:00:00 PM,0,0,0,0,0,0,0,NA
4/11/2021,11:10:00 PM,0,0,0,0,0,0,0,NA
4/11/2021,11:20:00 PM,0,0,0,0,0,0,0,NA
4/11/2021,11:30:00 PM,0,0.7,0,0,0,0,0,NA
4/11/2021,11:40:00 PM,0,0,0,0,0,0,0,NA
4/11/2021,11:50:00 PM,0,0,0,0,0,0,0,NA
4/11/2021,12:00:00 AM,0,0,0,0,0,0,0,NA
4/12/2021,12:10:00 AM,0,0,0,0,0,0,0,NA
4/12/2021,12:20:00 AM,0,39,0,0,0,0,0,NA
4/12/2021,12:30:00 AM,0,0,0,0,0,0,0,NA
4/12/2021,12:40:00 AM,0,0,0,0,0,0,0,NA
4/12/2021,12:50:00 AM,0,0,0,0,0,0,0,NA
4/12/2021,1:00:00 AM,0,5.8,0,0,0,0,0,NA
4/12/2021,1:10:00 AM,0,0,0,0,0,0,0,NA
4/12/2021,1:20:00 AM,0,0,0,0,0,0,0,NA
4/12/2021,1:30:00 AM,0,0.3,0,0,0,0,0,NA
4/12/2021,1:40:00 AM,0,1.3,0,0,0,0,0,NA
4/12/2021,1:50:00 AM,0,1.5,0,0,0,0,0,NA
4/12/2021,2:00:00 AM,0,0,0,0,0,0,0,NA
4/12/2021,2:10:00 AM,0,0,0,0,0,0,0,NA
4/12/2021,2:20:00 AM,0,0,0,0,0,0,0,NA
4/12/2021,2:30:00 AM,0,0,0,0,0,0,0,NA
4/12/2021,2:40:00 AM,0,13,0,0,0,0,0,NA
4/12/2021,2:50:00 AM,0,1.8,0,0,0,0,0,NA
4/12/2021,3:00:00 AM,0,14.1,0,0,0,0,0,NA
4/12/2021,3:10:00 AM,0,44.4,0,0,0,0,0.1,NA
4/12/2021,3:20:00 AM,0,0,0,0,0,0,0,NA
4/12/2021,3:30:00 AM,0,0,0,0,0,0,0,NA
4/12/2021,3:40:00 AM,0,2.7,0,0,0,0,0,NA
4/12/2021,3:50:00 AM,0,13.4,0,0,0,0,0,NA
4/12/2021,4:00:00 AM,0,5.6,0,0,0,0,0,NA
4/12/2021,4:10:00 AM,0,87.4,0,0,0,0,0.1,NA
4/12/2021,4:20:00 AM,0,2.2,0,0,0,0,0,NA
4/12/2021,4:30:00 AM,0,32.2,0,0,0,0,0,NA
4/12/2021,4:40:00 AM,0,33.8,0,0,0,0,0,NA
4/12/2021,4:50:00 AM,0,0,0,0,0,0,0,NA
4/12/2021,5:00:00 AM,0,15.1,0,0,0,0,0,NA
4/12/2021,5:10:00 AM,0,15.7,0,0,0,0,0,NA
4/12/2021,5:20:00 AM,0,0,0,0,0,0,0,NA
4/12/2021,5:30:00 AM,0,0,0,0,0,0,0,NA
4/12/2021,5:40:00 AM,0,0.5,0,0,0,0,0,NA
4/12/2021,5:50:00 AM,0,0,0,0,0,0,0,NA
4/12/2021,6:00:00 AM,0,0,0,0,0,0,0,NA
4/12/2021,6:10:00 AM,0,0,0,0,0,0,0,NA
4/12/2021,6:20:00 AM,0,0,0,0,0,0,0,NA
4/12/2021,6:30:00 AM,0,0,0,0,0,0,0,NA
4/12/2021,6:40:00 AM,0,62.9,0,0,0,0,0.1,NA
4/12/2021,6:50:00 AM,0,56,0.12,0.05,0.93,0.079,0.1,NA
4/12/2021,7:00:00 AM,0,40,0,0,0,0,0,NA
4/12/2021,7:10:00 AM,0,23.7,0,0,0,0,0,NA
4/12/2021,7:20:00 AM,0,6,0,0,0,0,0,NA
4/12/2021,7:30:00 AM,0,41.6,0,0,0,0,0,NA
4/12/2021,7:40:00 AM,0,24.8,0,0.071,0,0,0,NA
4/12/2021,7:50:00 AM,0,0,0,0,0,0,0,NA
4/12/2021,8:00:00 AM,0,0,0,0,0,0,0,NA
4/12/2021,8:10:00 AM,0,0.2,0,0,0,0,0,NA
4/12/2021,8:20:00 AM,0,36.4,1.71,4.39,4.42,1.43,0,NA
4/12/2021,8:30:00 AM,0,85,7.46,14.811,8.035,5.7024,0.2,NA
4/12/2021,8:40:00 AM,0,27.8,6.96,13.65,8.109,6.3353,0,NA
4/12/2021,8:50:00 AM,0,36.2,4.1,8.52,5.63,3.038,0,NA
4/12/2021,9:00:00 AM,0,24.5,18.18,28,19.8,13,0,NA
4/12/2021,9:10:00 AM,0,164.3,118.11,157.36,152.43,86.679,0.4,NA
4/12/2021,9:20:00 AM,0,53.5,1293.35,1690.1,2241.4,1152.3,0,NA
4/12/2021,9:30:00 AM,0,223.2,1056.1,1550,1507.2,967.6,0.5,NA
4/12/2021,9:40:00 AM,0,564.7,38.93,72.24,48.812,33.634,1,NA
4/12/2021,9:50:00 AM,0,358.9,319.38,1236.97,401.957,184.095,0.9,NA
4/12/2021,10:00:00 AM,0,491,160.33,264.14,217.506,139.986,1,NA
4/12/2021,10:10:00 AM,0,314.9,446.09,1028.5,579.457,374.828,1,NA
4/12/2021,10:20:00 AM,0,167.2,968.71,1607,1413,902,0.4,NA
4/12/2021,10:30:00 AM,0,52.3,489.12,833.2,532,408.5,0.1,NA
4/12/2021,10:40:00 AM,0,417.6,70.33,106.5,101.54,63.73,0.9,NA
4/12/2021,10:50:00 AM,0,382.6,152.28,270.7,197.84,137.45,0.9,NA
4/12/2021,11:00:00 AM,0,78.1,4974.49,8950,7348,4598,0.1,NA
4/12/2021,11:10:00 AM,0,53.2,5661.22,8745,8629,5377,0,NA
4/12/2021,11:20:00 AM,0,122.3,2919.74,6062,3576,2753,0,NA
4/12/2021,11:30:00 AM,0,71.6,865.42,1215.6,1333.5,785.8,0,NA
4/12/2021,11:40:00 AM,0,270.3,394.56,596.6,538.6,347.4,0.5,NA
4/12/2021,11:50:00 AM,0,59.2,40.97,73.2,50.6,36.5,0,NA
4/12/2021,12:00:00 PM,0,39.5,144.37,230,186,122.7,0,NA
4/12/2021,12:10:00 PM,0,236,28.3,47.89,36.2,24.66,0.5,NA
4/12/2021,12:20:00 PM,0,281,13.01,23.21,16.962,11.749,0.8,NA
4/12/2021,12:30:00 PM,0,97,34.63,61.5,44.6,31.5,0,NA
4/12/2021,12:40:00 PM,0,194.1,11.78,23.7,14.07,10.48,0.4,NA
4/12/2021,12:50:00 PM,0,177.7,23.61,43.3,29.5,21.29,0.4,NA
4/12/2021,1:00:00 PM,0,137.4,59.58,102.93,80.64,54.6,0.2,NA
4/12/2021,1:10:00 PM,0,83.2,84.36,146.5,107.8,76.7,0,NA
4/12/2021,1:20:00 PM,0,141.9,17.28,33.1,21.3,15.17,0.2,NA
4/12/2021,1:30:00 PM,0,139.2,37.03,64.1,49.84,33.81,0.3,NA
4/12/2021,1:40:00 PM,0,35.4,36.7,67,47.8,33,0,NA
4/12/2021,1:50:00 PM,0,31.9,18.58,35,21.5,15.64,0,NA
4/12/2021,2:00:00 PM,0,16.7,46.08,78,54.3,39.2,0,NA
4/12/2021,2:10:00 PM,0,5.2,44.11,74.5,54.5,37.8,0,NA
4/12/2021,2:20:00 PM,0,36.8,18.46,29.39,29.46,18.82,0,NA
4/12/2021,2:30:00 PM,0,98.4,55.78,67.8,125.9,59.6,0.2,NA
4/12/2021,2:40:00 PM,0,142,15.16,26.38,23.52,15.64,0.4,NA
4/12/2021,2:50:00 PM,0,106.1,3.39,8.01,3.948,3.259,0.1,NA
4/12/2021,3:00:00 PM,0,346.3,68.33,116.1,98.56,63.21,0.9,NA
4/12/2021,3:10:00 PM,0,327.7,147.75,232.7,225.1,145.3,0.9,NA
4/12/2021,3:20:00 PM,0,192.4,155.8,238,261,155.8,0.5,NA
4/12/2021,3:30:00 PM,0,83.8,176.2,258,313,179.3,0.2,NA
4/12/2021,3:40:00 PM,0,190.2,201.2,265,413.58,210.905,0.4,NA
4/12/2021,3:50:00 PM,0,435.9,0.97,8.321,0.923,0.4171,1,NA
4/12/2021,4:00:00 PM,0,177.1,50.7,292.08,48.498,24.924,0.5,NA
4/12/2021,4:10:00 PM,0,401.7,191.08,1108.1,264.12,94.19,0.9,NA
4/12/2021,4:20:00 PM,0,144.8,6.95,55.24,7.464,2.987,0.3,NA
4/12/2021,4:30:00 PM,0,138.7,2.96,24.5,3.19,1.262,0.3,NA
4/12/2021,4:40:00 PM,0,336,544.86,838.65,872.443,528.213,0.8,NA
4/12/2021,4:50:00 PM,0,383.9,1.1,4.792,4.459,2.899,0.8,NA
4/12/2021,5:00:00 PM,0,378.4,2.2,3.722,13.806,3.398,0.9,NA
4/12/2021,5:10:00 PM,0,410.1,2.54,3.882,4.388,40.989,1,NA
4/12/2021,5:20:00 PM,0,372.7,2.08,1.44,1.344,0.919,1,NA
4/12/2021,5:30:00 PM,0,271.2,0,0.79,0.93,3.1,0.7,NA
4/12/2021,5:40:00 PM,0,246.2,2.11,1.332,1.54,1.33,0.9,NA
4/12/2021,5:50:00 PM,0,430,0.24,1.633,5.701,0.948,1,NA
4/12/2021,6:00:00 PM,0,300.5,1.92,3.922,3.553,39.87,1,NA
4/12/2021,6:10:00 PM,0,344.8,0,46.552,58.011,33.16,1,NA
4/12/2021,6:20:00 PM,0,454.4,3.2,39.46,90.69,28.068,1,NA
4/12/2021,6:30:00 PM,0,445.7,0,0,0,0,1,NA
4/12/2021,6:40:00 PM,0,299,1.1,2.021,3.302,1.759,1,NA
4/12/2021,6:50:00 PM,0,407.7,29.56,7.691,6.33,4.889,0.9,NA
4/12/2021,7:00:00 PM,0,390.8,57.48,3.95,5.72,4.899,1,NA
4/12/2021,7:10:00 PM,0,61.2,0,0,0,0,0,NA
4/12/2021,7:20:00 PM,0,296.7,0,0,0,0,0.7,NA
4/12/2021,7:30:00 PM,0,339.3,2.94,2.212,4.77,1.48,1,NA
4/12/2021,7:40:00 PM,0,331.1,0.98,1.841,1.1,2.93,1,NA
4/12/2021,7:50:00 PM,0,371.7,0,4.301,7.74,3.24,1,NA
4/12/2021,8:00:00 PM,0,421.7,0,6.571,12.6,6.4,1,NA
4/12/2021,8:10:00 PM,0,313.8,0,55.441,91.03,44.7,1,NA
4/12/2021,8:20:00 PM,0,233.5,0.12,1.883,3.988,0.079,0.6,NA
4/12/2021,8:30:00 PM,0,276.2,1.1,0.941,1.352,0.539,0.8,NA
4/12/2021,8:40:00 PM,0,391.5,0,1.63,0.85,1.83,1,NA
4/12/2021,8:50:00 PM,0,388.3,0,25.3,21.9,42.2,1,NA
4/12/2021,9:00:00 PM,0,495.1,23.85,79.2,105.3,60.4,1,NA
4/12/2021,9:10:00 PM,0,537.7,0,24.2,37.8,19.5,1,NA
4/12/2021,9:20:00 PM,0,471.3,0,0,0,0,1,NA
4/12/2021,9:30:00 PM,0,384.7,0,18.44,4.4,14.4,0.9,NA
4/12/2021,9:40:00 PM,0,481.1,0,0,0,0,1,NA
4/12/2021,9:50:00 PM,0,139.2,0,0,0,0,0.4,NA
4/12/2021,10:00:00 PM,0,359.9,1.29,6.921,1.424,0.9094,0.8,NA
4/12/2021,10:10:00 PM,0,548.9,1.09,28.7,72.29,41.853,1,NA
4/12/2021,10:20:00 PM,0,439.8,3.29,13.661,3.286,1.7591,0.9,NA
4/12/2021,10:30:00 PM,0,40.6,1.14,6.64,1.339,0.5893,0,NA
4/12/2021,10:40:00 PM,0,29.2,0,0,0,0,0,NA
4/12/2021,10:50:00 PM,0,55.3,0,0,0,0,0.1,NA
4/12/2021,11:00:00 PM,0,19.8,0,0,0,0,0,NA
4/12/2021,11:10:00 PM,0,13.8,0,0,0,0,0,NA
4/12/2021,11:20:00 PM,0,0,0,0,0,0,0,NA
4/12/2021,11:30:00 PM,0,0,0,0,0,0,0,NA
4/12/2021,11:40:00 PM,0,0,0,0,0,0,0,NA
4/12/2021,11:50:00 PM,0,0,0,0,0,0,0,NA
4/12/2021,12:00:00 AM,0,0,0,0,0,0,0,NA
4/13/2021,12:10:00 AM,0,0,0,0,0,0,0,NA
4/13/2021,12:20:00 AM,0,10.7,0,0,0,0,0,NA
4/13/2021,12:30:00 AM,0,0,0,0,0,0,0,NA
4/13/2021,12:40:00 AM,0,5,0,0,0,0,0,NA
4/13/2021,12:50:00 AM,0,18.8,0,0,0,0,0,NA
4/13/2021,1:00:00 AM,0,15.7,0,0,0,0,0,NA
4/13/2021,1:10:00 AM,0,0.4,0,0,0,0,0,NA
4/13/2021,1:20:00 AM,0,7.5,0,0,0,0,0,NA
4/13/2021,1:30:00 AM,0,55,0,0,0,0,0.1,NA
4/13/2021,1:40:00 AM,0,9.4,0,0,0,0,0,NA
4/13/2021,1:50:00 AM,0,39.6,0,0,0,0,0.1,NA
4/13/2021,2:00:00 AM,0,9.3,0,0,0,0,0,NA
4/13/2021,2:10:00 AM,0,61.9,0,0,0,0,0.1,NA
4/13/2021,2:20:00 AM,0,0.3,0,0,0,0,0,NA
4/13/2021,2:30:00 AM,0,0,0,0,0,0,0,NA
4/13/2021,2:40:00 AM,0,0,0,0,0,0,0,NA
4/13/2021,2:50:00 AM,0,0,0,0,0,0,0,NA
4/13/2021,3:00:00 AM,0,0,0,0,0,0,0,NA
4/13/2021,3:10:00 AM,0,0,0,0,0,0,0,NA
4/13/2021,3:20:00 AM,0,0.3,0,0,0,0,0,NA
4/13/2021,3:30:00 AM,0,2.2,0,0,0,0,0,NA
4/13/2021,3:40:00 AM,0,7.3,0,0,0,0,0,NA
4/13/2021,3:50:00 AM,0,0,0,0,0,0,0,NA
4/13/2021,4:00:00 AM,0,0,0,0,0,0,0,NA
4/13/2021,4:10:00 AM,0,29.1,0,0,0,0,0,NA
4/13/2021,4:20:00 AM,0,0,0,0,0,0,0,NA
4/13/2021,4:30:00 AM,0,0.2,0,0,0,0,0,NA
4/13/2021,4:40:00 AM,0,0,0,0,0,0,0,NA
4/13/2021,4:50:00 AM,0,0,0,0,0,0,0,NA
4/13/2021,5:00:00 AM,0,5,0,0,0,0,0,NA
4/13/2021,5:10:00 AM,0,0.8,0,0,0,0,0,NA
4/13/2021,5:20:00 AM,0,0,0,0,0,0,0,NA
4/13/2021,5:30:00 AM,0,0,0,0,0,0,0,NA
4/13/2021,5:40:00 AM,0,24,0,0,0,0,0,NA
4/13/2021,5:50:00 AM,0,16.1,0,0,0,0,0,NA
4/13/2021,6:00:00 AM,0,10.5,0,0,0,0,0,NA
4/13/2021,6:10:00 AM,0,15.8,0,0,0,0,0,NA
4/13/2021,6:20:00 AM,0,27.8,0,0,0,0,0,NA
4/13/2021,6:30:00 AM,0,28,0,0,0,0,0,NA
4/13/2021,6:40:00 AM,0,0,0,0,0,0,0,NA
4/13/2021,6:50:00 AM,0,9.4,0,0,0,0,0,NA
4/13/2021,7:00:00 AM,0,11.4,0,0,0,0,0,NA
4/13/2021,7:10:00 AM,0,32.8,0,0,0,0,0.1,NA
4/13/2021,7:20:00 AM,0,0,0,0,0,0,0,NA
4/13/2021,7:30:00 AM,0,58.4,0.48,0.43,0.24,0.2,0.1,NA
4/13/2021,7:40:00 AM,0,246.3,58.99,122.781,246.672,54.3,0.5,NA
4/13/2021,7:50:00 AM,0,203,330.75,666,384,258,0.5,NA
4/13/2021,8:00:00 AM,0,159.6,245.11,491,244,191.6,0.2,NA
4/13/2021,8:10:00 AM,0,290.9,321.99,590,353,254,0.9,NA
4/13/2021,8:20:00 AM,0,600.7,195.23,347,224,156.4,1,NA
4/13/2021,8:30:00 AM,0,358.8,143.54,249.8,167.5,118.1,0.6,NA
4/13/2021,8:40:00 AM,1,-1,-1,-1,-1,-1,-1,NA
4/13/2021,8:50:00 AM,1,-1,-1,-1,-1,-1,-1,NA
4/13/2021,9:00:00 AM,1,-1,-1,-1,-1,-1,-1,NA
4/13/2021,9:10:00 AM,1,-1,-1,-1,-1,-1,-1,NA
4/13/2021,9:20:00 AM,1,-1,-1,-1,-1,-1,-1,NA
4/13/2021,9:30:00 AM,1,-1,-1,-1,-1,-1,-1,NA
4/13/2021,9:40:00 AM,1,-1,-1,-1,-1,-1,-1,NA
4/13/2021,9:50:00 AM,1,-1,-1,-1,-1,-1,-1,NA
4/13/2021,10:00:00 AM,1,-1,-1,-1,-1,-1,-1,NA
4/13/2021,10:10:00 AM,1,-1,-1,-1,-1,-1,-1,NA
4/13/2021,10:20:00 AM,1,-1,-1,-1,-1,-1,-1,NA
4/13/2021,10:30:00 AM,1,-1,-1,-1,-1,-1,-1,NA
4/13/2021,10:40:00 AM,0.8,114.3,93.36,150.2,135.2,84.2,-0.8,NA
4/13/2021,10:50:00 AM,0,391.4,562.37,1150.2,751.1,517.7,0.8,NA
4/13/2021,11:00:00 AM,0,151.7,2998.04,4477.3,4258.9,2568.67,0.4,NA
4/13/2021,11:10:00 AM,0,123.6,1416.38,2473,2037,1331,0.3,NA
4/13/2021,11:20:00 AM,0,137.7,398.68,612,538,363,0.3,NA
4/13/2021,11:30:00 AM,0,114.5,149.63,252.4,193.77,134.9,0.1,NA
4/13/2021,11:40:00 AM,0,44.6,148.84,249.4,181.9,126.3,0,NA
4/13/2021,11:50:00 AM,0,85.6,326.08,422.6,574.84,300.483,0.1,NA
4/13/2021,12:00:00 PM,0,72.1,195.73,323,228,170,0.1,NA
4/13/2021,12:10:00 PM,0,62.8,294.8,473,446,299,0,NA
4/13/2021,12:20:00 PM,0,65.7,204.06,309,315,196.6,0,NA
4/13/2021,12:30:00 PM,0,210.5,197.51,301.5,315.2,192.1,0.5,NA
4/13/2021,12:40:00 PM,0,93.1,274.81,392,479,292,0,NA
4/13/2021,12:50:00 PM,0,59.1,68.18,118.72,94.14,63.78,0.1,NA
4/13/2021,1:00:00 PM,0,73.9,73.22,129.2,103.43,71.8,0.1,NA
4/13/2021,1:10:00 PM,0,34.2,103.37,173.9,159.22,98.99,0,NA
4/13/2021,1:20:00 PM,0,204.7,32.78,66.58,41.59,31.39,0.4,NA
4/13/2021,1:30:00 PM,0,280.8,40.5,47.48,32.67,23.5,1,NA
4/13/2021,1:40:00 PM,0,285.5,66.42,57.1,49.36,31.64,0.7,NA
4/13/2021,1:50:00 PM,0,155.3,193.22,288,324,185,0.3,NA
4/13/2021,2:00:00 PM,0,104.4,245.91,351,434,235,0.1,NA
4/13/2021,2:10:00 PM,0,485.1,103.05,169.6,161.52,98.14,0.9,NA
4/13/2021,2:20:00 PM,0,104.3,31.62,67.7,38.47,28.65,0.3,NA
4/13/2021,2:30:00 PM,0,113.8,23.33,48.2,31.02,21.35,0.2,NA
4/13/2021,2:40:00 PM,0,422,289.39,398.4,485.13,294.77,1,NA
4/13/2021,2:50:00 PM,0,219.5,1252.55,1565,2110,1150,0.8,NA
4/13/2021,3:00:00 PM,0,166.6,726.05,790,1481,702,0.4,NA
4/13/2021,3:10:00 PM,0,134.1,1214.2,1263,2730,1132,0.3,NA
4/13/2021,3:20:00 PM,0,413.4,384.15,577.79,633.4,380.62,0.8,NA
4/13/2021,3:30:00 PM,0,325.3,166.43,75.63,101.3,50.09,0.7,NA
4/13/2021,3:40:00 PM,0,394.6,53.85,129,237.4,93.2,0.9,NA
4/13/2021,3:50:00 PM,0,318.5,0,15.98,154.2,71.86,1,NA
4/13/2021,4:00:00 PM,0,243.2,0,24.6,184.14,19.07,0.5,NA
4/13/2021,4:10:00 PM,0,360.7,0,62.38,110.6,67.69,1,NA
4/13/2021,4:20:00 PM,0,387.7,238.62,64.7,83.8,44.15,1,NA
4/13/2021,4:30:00 PM,0,388.2,0,75.73,83.43,113.24,1,NA
4/13/2021,4:40:00 PM,0,494.8,0,26.28,31.3,22.27,1,NA
4/13/2021,4:50:00 PM,0,385.1,0,13.73,11.5,15.97,1,NA
4/13/2021,5:00:00 PM,0,445.2,0,51.36,53.2,48.24,1,NA
4/13/2021,5:10:00 PM,0,394.4,959.66,114.301,284.1,88.88,1,NA
4/13/2021,5:20:00 PM,0,395,214.93,67.78,94.7,52.78,1,NA
4/13/2021,5:30:00 PM,0,322.5,0,8.061,4.48,49.44,0.9,NA
4/13/2021,5:40:00 PM,0,329.9,0,15.54,9.2,30.55,0.9,NA
4/13/2021,5:50:00 PM,0,360.3,0,17.13,23.4,12.98,1,NA
4/13/2021,6:00:00 PM,0,24.5,0,21.2,36.5,25,0,NA
4/13/2021,6:10:00 PM,0,269.7,0,35.94,45.1,36.16,0.6,NA
4/13/2021,6:20:00 PM,0,209.3,0,43.1,157.4,67.8,0.4,NA
4/13/2021,6:30:00 PM,0,341.9,0,113.68,158.2,182.28,0.9,NA
4/13/2021,6:40:00 PM,0,335.8,0,16.42,22.1,33.76,1,NA
4/13/2021,6:50:00 PM,0,445.8,0,63.85,226,60.9,1,NA
4/13/2021,7:00:00 PM,0,360.1,0,20.46,36.882,15.48,1,NA
4/13/2021,7:10:00 PM,0,349.7,0,53.15,70.8,40.5,1,NA
4/13/2021,7:20:00 PM,0,393.6,0,43.6,79.7,37.64,1,NA
4/13/2021,7:30:00 PM,0,515.5,0,113.38,1718.1,92.5,1,NA
4/13/2021,7:40:00 PM,0,464.9,0,47.69,212.74,43.1,1,NA
4/13/2021,7:50:00 PM,0,545.7,0,15.15,17.4,32.66,1,NA
4/13/2021,8:00:00 PM,0,391.7,0.98,24.32,31,78.8,1,NA
4/13/2021,8:10:00 PM,0,511.8,0,14.101,20.459,10.61,1,NA
4/13/2021,8:20:00 PM,0,368.9,0,66.08,108.3,57.76,1,NA
4/13/2021,8:30:00 PM,0,282.7,1.06,2.371,4.96,2.71,0.6,NA
4/13/2021,8:40:00 PM,0,237.1,2.92,1.72,5.51,1.07,0.7,NA
4/13/2021,8:50:00 PM,0,394.2,0.29,5.36,4.079,3.656,1,NA
4/13/2021,9:00:00 PM,0,127.3,7.33,39.3,8.55,4.72,0.2,NA
4/13/2021,9:10:00 PM,0,181.6,3.94,20.571,4.483,2.9341,0.5,NA
4/13/2021,9:20:00 PM,0,260.4,2.62,14.75,3.125,1.523,0.7,NA
4/13/2021,9:30:00 PM,0,314.6,9.79,13.6,18.31,8.48,0.8,NA
4/13/2021,9:40:00 PM,0,36.9,1.75,10.471,2.02,0.92,0,NA
4/13/2021,9:50:00 PM,0,30.5,0,0,0,0,0,NA
4/13/2021,10:00:00 PM,0,47.6,0,0,0,0,0,NA
4/13/2021,10:10:00 PM,0,59.8,0,0,0,0,0.1,NA
4/13/2021,10:20:00 PM,0,52.7,0,0,0,0,0.1,NA
4/13/2021,10:30:00 PM,0,0,0,0,0,0,0,NA
4/13/2021,10:40:00 PM,0,0,0,0,0,0,0,NA
4/13/2021,10:50:00 PM,0,0,0,0,0,0,0,NA
4/13/2021,11:00:00 PM,0,0,0,0,0,0,0,NA
4/13/2021,11:10:00 PM,0,0,0,0,0,0,0,NA
4/13/2021,11:20:00 PM,0,0.5,0,0,0,0,0,NA
4/13/2021,11:30:00 PM,0,0,0,0,0,0,0,NA
4/13/2021,11:40:00 PM,0,18.7,0,0,0,0,0,NA
4/13/2021,11:50:00 PM,0,5.6,0,0,0,0,0,NA
4/13/2021,12:00:00 AM,0,0,0,0,0,0,0,NA
4/14/2021,12:10:00 AM,0,0,0,0,0,0,0,NA
4/14/2021,12:20:00 AM,0,40.4,0,0,0,0,0.1,NA
4/14/2021,12:30:00 AM,0,0.3,0,0,0,0,0,NA
4/14/2021,12:40:00 AM,0,48.7,0,0,0,0,0.1,NA
4/14/2021,12:50:00 AM,0,37.8,0,0,0,0,0.1,NA
4/14/2021,1:00:00 AM,0,0,0,0,0,0,0,NA
4/14/2021,1:10:00 AM,0,0.2,0,0,0,0,0,NA
4/14/2021,1:20:00 AM,0,0,0,0,0,0,0,NA
4/14/2021,1:30:00 AM,0,0,0,0,0,0,0,NA
4/14/2021,1:40:00 AM,0,11.1,0,0,0,0,0,NA
4/14/2021,1:50:00 AM,0,0,0,0,0,0,0,NA
4/14/2021,2:00:00 AM,0,0.3,0,0,0,0,0,NA
4/14/2021,2:10:00 AM,0,24.6,0,0,0,0,0,NA
4/14/2021,2:20:00 AM,0,0,0,0,0,0,0,NA
4/14/2021,2:30:00 AM,0,9.1,0,0,0,0,0,NA
4/14/2021,2:40:00 AM,0,0,0,0,0,0,0,NA
4/14/2021,2:50:00 AM,0,2.9,0,0,0,0,0,NA
4/14/2021,3:00:00 AM,0,0,0,0,0,0,0,NA
4/14/2021,3:10:00 AM,0,0,0,0,0,0,0,NA
4/14/2021,3:20:00 AM,0,0,0,0,0,0,0,NA
4/14/2021,3:30:00 AM,0,21.2,0,0,0,0,0,NA
4/14/2021,3:40:00 AM,0,0,0,0,0,0,0,NA
4/14/2021,3:50:00 AM,0,7.8,0,0,0,0,0,NA
4/14/2021,4:00:00 AM,0,7.6,0,0,0,0,0,NA
4/14/2021,4:10:00 AM,0,24.1,0,0,0,0,0,NA
4/14/2021,4:20:00 AM,0,0,0,0,0,0,0,NA
4/14/2021,4:30:00 AM,0,0,0,0,0,0,0,NA
4/14/2021,4:40:00 AM,0,10.3,0,0,0,0,0,NA
4/14/2021,4:50:00 AM,0,0,0,0,0,0,0,NA
4/14/2021,5:00:00 AM,0,0,0,0,0,0,0,NA
4/14/2021,5:10:00 AM,0,11.5,0,0,0,0,0,NA
4/14/2021,5:20:00 AM,0,63.9,0,0,0,0,0.2,NA
4/14/2021,5:30:00 AM,0,53.8,0,0,0,0,0.1,NA
4/14/2021,5:40:00 AM,0,8.8,0,0,0,0,0,NA
4/14/2021,5:50:00 AM,0,5.2,0,0,0,0,0,NA
4/14/2021,6:00:00 AM,0,6.7,0,0,0,0,0,NA
4/14/2021,6:10:00 AM,0,4.6,0,0,0,0,0,NA
4/14/2021,6:20:00 AM,0,6.9,0,0,0,0,0,NA
4/14/2021,6:30:00 AM,0,1.9,0,0,0,0,0,NA
4/14/2021,6:40:00 AM,0,2.5,0,0,0,0,0,NA
4/14/2021,6:50:00 AM,0,0.6,0,0,0,0,0,NA
4/14/2021,7:00:00 AM,0,0,0,0,0,0,0,NA
4/14/2021,7:10:00 AM,0,0,0,0,0,0,0,NA
4/14/2021,7:20:00 AM,0,23.4,0.09,0.222,0.14,0.0676,0,NA
4/14/2021,7:30:00 AM,0,0,0.52,1.554,2.304,0.3912,0,NA
4/14/2021,7:40:00 AM,0,31.8,0,0.14,0.029,0,0,NA
4/14/2021,7:50:00 AM,0,6.3,0,0,0,0,0,NA
4/14/2021,8:00:00 AM,0,0,0,0,0,0,0,NA
4/14/2021,8:10:00 AM,0,0,0,0,0,0,0,NA
4/14/2021,8:20:00 AM,0,14.3,0.03,0.213,0.018,0.0093,0,NA
4/14/2021,8:30:00 AM,0,21.8,40.2,59.42,57.687,35.3279,0,NA
4/14/2021,8:40:00 AM,0,34.4,1.45,4.46,4.659,1.1293,0.1,NA
4/14/2021,8:50:00 AM,0,10.3,5.74,5.534,7.68,1.286,0,NA
4/14/2021,9:00:00 AM,0,54.1,35.31,52.751,41.159,24.4793,0,NA
4/14/2021,9:10:00 AM,0,52.4,216.19,311.3,250.4,155.1,0,NA
4/14/2021,9:20:00 AM,0,38.1,301.63,432.8,356.1,217.9,0,NA
4/14/2021,9:30:00 AM,0,375.5,404.69,763.7,544.3,319.9,0.9,NA
4/14/2021,9:40:00 AM,0,377.7,134.7,205.9,165.9,108.8,1,NA
4/14/2021,9:50:00 AM,0,149.4,660.04,976.5,693.6,513,0.5,NA
4/14/2021,10:00:00 AM,0,58.9,1040.85,1870,1092,768,0,NA
4/14/2021,10:10:00 AM,0,153.6,905.51,1573,1111,702,0.3,NA
4/14/2021,10:20:00 AM,0,187.4,1140.94,3348,1412,938.5,0.8,NA
4/14/2021,10:30:00 AM,0,192.8,69.82,109.6,87.6,59,0.5,NA
4/14/2021,10:40:00 AM,0,204.4,3202.63,3962.1,4958.9,2643.4,0.5,NA
4/14/2021,10:50:00 AM,0,104.4,836.01,1124,1546,668,0,NA
4/14/2021,11:00:00 AM,0,186.1,5803.81,12973,8544,4909,0.3,NA
4/14/2021,11:10:00 AM,0,93.8,1135.17,1892,1646,1103,0.1,NA
4/14/2021,11:20:00 AM,0,64.2,923.9,1486,1280,872,0,NA
4/14/2021,11:30:00 AM,0,60.4,683.21,930,1281,603,0,NA
4/14/2021,11:40:00 AM,0,103.9,557.7,752,874,512,0.1,NA
4/14/2021,11:50:00 AM,0,115.3,223.58,319,331,197,0.2,NA
4/14/2021,12:00:00 PM,0,252.3,149.53,65.7,53.4,36.6,0.8,NA
4/14/2021,12:10:00 PM,0,356.7,111.9,128,110,70.9,0.8,NA
4/14/2021,12:20:00 PM,0,146.9,140.04,181.3,227.9,130.6,0.3,NA
4/14/2021,12:30:00 PM,0,110.7,189.97,251,339,197,0.1,NA
4/14/2021,12:40:00 PM,0,37,233.61,278,456,245.6,0,NA
4/14/2021,12:50:00 PM,0,288.8,111.77,156.5,190.5,100.6,0.6,NA
4/14/2021,1:00:00 PM,0,53.9,106.19,151.2,132,85.8,0,NA
4/14/2021,1:10:00 PM,0,30.3,103.81,151,126,84.6,0,NA
4/14/2021,1:20:00 PM,0,51.4,103,147,125.8,83,0,NA
4/14/2021,1:30:00 PM,0,65.2,102.96,147,129,83.2,0,NA
4/14/2021,1:40:00 PM,0,35.1,126.71,187,159,107.1,0,NA
4/14/2021,1:50:00 PM,0,146.4,59.65,89.1,71.8,47.6,0.3,NA
4/14/2021,2:00:00 PM,0,469.7,93.73,139.7,123.8,78.7,1,NA
4/14/2021,2:10:00 PM,0,312.2,22.93,38.54,30.26,20.088,0.7,NA
4/14/2021,2:20:00 PM,0,35.9,14.9,24.6,17.49,12.02,0,NA
4/14/2021,2:30:00 PM,0,575.5,845.58,1729.23,1298.96,864.33,0.8,NA
4/14/2021,2:40:00 PM,0,629.8,1202.96,2490,1945,1284,1,NA
4/14/2021,2:50:00 PM,0,656.2,2479.68,4720,3980,2530,1,NA
4/14/2021,3:00:00 PM,0,545.4,351.92,778.9,537.6,372.4,1,NA
4/14/2021,3:10:00 PM,0,632.9,66.86,58.6,55.81,31.57,1,NA
4/14/2021,3:20:00 PM,0,198.7,32.88,47.6,55.25,30.02,0.3,NA
4/14/2021,3:30:00 PM,0,173.6,0.77,3.16,0.939,0.596,0.4,NA
4/14/2021,3:40:00 PM,0,250.5,28.74,36.32,31.343,19.8746,0.8,NA
4/14/2021,3:50:00 PM,0,654.5,42.03,69.9,44.94,32.72,1,NA
4/14/2021,4:00:00 PM,0,851.1,35.23,52.3,46.35,29.09,1,NA
4/14/2021,4:10:00 PM,0,327.9,45.1,71.1,50.2,35.1,0.7,NA
4/14/2021,4:20:00 PM,0,379.9,259.34,331.8,469.5,269.3,1,NA
4/14/2021,4:30:00 PM,0,196.6,413.69,471,807,385,0.8,NA
4/14/2021,4:40:00 PM,0,192,289.75,348,538,276.7,0.4,NA
4/14/2021,4:50:00 PM,0,386.9,138.47,197.8,264.2,129.5,0.8,NA
4/14/2021,5:00:00 PM,0,200.6,0,74.2,95.9,52.5,0.5,NA
4/14/2021,5:10:00 PM,0,376.5,0,78.8,106.2,57.6,0.9,NA
4/14/2021,5:20:00 PM,0,392.3,0,83.1,112.8,62.4,1,NA
4/14/2021,5:30:00 PM,0,417.4,0,79,106.1,59,1,NA
4/14/2021,5:40:00 PM,0,410,0,70,108.3,54.2,1,NA
4/14/2021,5:50:00 PM,0,435.4,0,62.2,94.2,48.8,1,NA
4/14/2021,6:00:00 PM,0,404.5,0,47.5,80.4,37.7,1,NA
4/14/2021,6:10:00 PM,0,413.8,0,73.4,109.8,56.3,1,NA
4/14/2021,6:20:00 PM,0,334.7,0,61,89.6,46.2,1,NA
4/14/2021,6:30:00 PM,0,406.3,0,66.2,104.5,52.1,1,NA
4/14/2021,6:40:00 PM,0,284.3,0,50.9,78.6,40.8,0.9,NA
4/14/2021,6:50:00 PM,0,215.9,0,64.2,90.6,48.7,0.7,NA
4/14/2021,7:00:00 PM,0,135.2,0,26.9,29.5,23.3,0.3,NA
4/14/2021,7:10:00 PM,0,362,0,50.82,70.3,41.1,0.8,NA
4/14/2021,7:20:00 PM,0,386.9,0,79.3,113.3,60.9,1,NA
4/14/2021,7:30:00 PM,0,401.1,0,69.6,103.7,53.7,1,NA
4/14/2021,7:40:00 PM,0,331,0,48.8,74.2,40.3,1,NA
4/14/2021,7:50:00 PM,0,370.9,0,69.3,102.1,52.9,1,NA
4/14/2021,8:00:00 PM,0,345.6,0,72.3,109.8,55.9,1,NA
4/14/2021,8:10:00 PM,0,402.7,0,62.8,101.2,48.3,1,NA
4/14/2021,8:20:00 PM,0,442,0,56.6,91.5,43.6,1,NA
4/14/2021,8:30:00 PM,0,434.7,0,60,95.9,47.5,1,NA
4/14/2021,8:40:00 PM,0,442.3,0,82.6,121.3,62.6,1,NA
4/14/2021,8:50:00 PM,0,525.3,0,64,94.2,49.8,1,NA
4/14/2021,9:00:00 PM,0,374.4,0.98,6.34,17.8,5.35,0.9,NA
4/14/2021,9:10:00 PM,0,203.9,0.12,0.11,1.012,0.079,0.7,NA
4/14/2021,9:20:00 PM,0,340.4,0.5,2.87,1.652,40.399,0.8,NA
4/14/2021,9:30:00 PM,0,68,1.11,5.77,1.231,0.87,0,NA
4/14/2021,9:40:00 PM,0,71,0.78,4.461,0.944,0.4804,0.1,NA
4/14/2021,9:50:00 PM,0,120.4,4.07,21.39,4.576,3.503,0.2,NA
4/14/2021,10:00:00 PM,0,173.2,3.41,18.12,3.93,2.462,0.2,NA
4/14/2021,10:10:00 PM,0,478.3,4.21,19.69,51.63,85.56,0.9,NA
4/14/2021,10:20:00 PM,0,66.4,0.9,5.4,1.11,0.45,0,NA
4/14/2021,10:30:00 PM,0,34.4,0,0,0,0,0,NA
4/14/2021,10:40:00 PM,0,22.9,0,0,0,0,0,NA
4/14/2021,10:50:00 PM,0,13.1,0,0,0,0,0,NA
4/14/2021,11:00:00 PM,0,114.7,0,0,0,0,0.2,NA
4/14/2021,11:10:00 PM,0,6.9,0,0,0,0,0,NA
4/14/2021,11:20:00 PM,0,7.3,0,0,0,0,0,NA
4/14/2021,11:30:00 PM,0,0,0,0,0,0,0,NA
4/14/2021,11:40:00 PM,0,0,0,0,0,0,0,NA
4/14/2021,11:50:00 PM,0,0,0,0,0,0,0,NA
4/14/2021,12:00:00 AM,0,0,0,0,0,0,0,NA
4/15/2021,12:10:00 AM,0,0,0,0,0,0,0,NA
4/15/2021,12:20:00 AM,0,4.8,0,0,0,0,0,NA
4/15/2021,12:30:00 AM,0,0.5,0,0,0,0,0,NA
4/15/2021,12:40:00 AM,0,2.9,0,0,0,0,0,NA
4/15/2021,12:50:00 AM,0,12.1,0,0,0,0,0,NA
4/15/2021,1:00:00 AM,0,7,0,0,0,0,0,NA
4/15/2021,1:10:00 AM,0,4.4,0,0,0,0,0,NA
4/15/2021,1:20:00 AM,0,4.6,0,0,0,0,0,NA
4/15/2021,1:30:00 AM,0,0,0,0,0,0,0,NA
4/15/2021,1:40:00 AM,0,0,0,0,0,0,0,NA
4/15/2021,1:50:00 AM,0,0,0,0,0,0,0,NA
4/15/2021,2:00:00 AM,0,0,0,0,0,0,0,NA
4/15/2021,2:10:00 AM,0,7.9,0,0,0,0,0,NA
4/15/2021,2:20:00 AM,0,0,0,0,0,0,0,NA
4/15/2021,2:30:00 AM,0,0,0,0,0,0,0,NA
4/15/2021,2:40:00 AM,0,38.4,0,0,0,0,0.1,NA
4/15/2021,2:50:00 AM,0,7.1,0,0,0,0,0,NA
4/15/2021,3:00:00 AM,0,0,0,0,0,0,0,NA
4/15/2021,3:10:00 AM,0,1.9,0,0,0,0,0,NA
4/15/2021,3:20:00 AM,0,8.9,0,0,0,0,0,NA
4/15/2021,3:30:00 AM,0,0,0,0,0,0,0,NA
4/15/2021,3:40:00 AM,0,10.1,0,0,0,0,0,NA
4/15/2021,3:50:00 AM,0,0,0,0,0,0,0,NA
4/15/2021,4:00:00 AM,0,17.1,0,0,0,0,0,NA
4/15/2021,4:10:00 AM,0,0,0,0,0,0,0,NA
4/15/2021,4:20:00 AM,0,0,0,0,0,0,0,NA
4/15/2021,4:30:00 AM,0,4.2,0,0,0,0,0,NA
4/15/2021,4:40:00 AM,0,0.5,0,0,0,0,0,NA
4/15/2021,4:50:00 AM,0,31.8,0,0,0,0,0.1,NA
4/15/2021,5:00:00 AM,0,0,0,0,0,0,0,NA
4/15/2021,5:10:00 AM,0,0,0,0,0,0,0,NA
4/15/2021,5:20:00 AM,0,15.4,0,0,0,0,0,NA
4/15/2021,5:30:00 AM,0,0,0,0,0,0,0,NA
4/15/2021,5:40:00 AM,0,73,0,0,0,0,0.2,NA
4/15/2021,5:50:00 AM,0,27.2,0,0,0,0,0,NA
4/15/2021,6:00:00 AM,0,31.7,0,0,0,0,0,NA
4/15/2021,6:10:00 AM,0,5.2,0,0,0,0,0,NA
4/15/2021,6:20:00 AM,0,0,0,0,0,0,0,NA
4/15/2021,6:30:00 AM,0,0,0,0,0,0,0,NA
4/15/2021,6:40:00 AM,0,0,0,0,0,0,0,NA
4/15/2021,6:50:00 AM,0,17.6,0,0,0,0,0,NA
4/15/2021,7:00:00 AM,0,4.4,0.02,0.639,0.054,0.0062,0,NA
4/15/2021,7:10:00 AM,0,0,0.1,0.71,0.06,0.031,0,NA
4/15/2021,7:20:00 AM,0,0,0.1,0.71,0.06,0.031,0,NA
4/15/2021,7:30:00 AM,0,0,0.13,0.986,0.135,0.0526,0,NA
4/15/2021,7:40:00 AM,0,20.2,0.7,4.681,0.804,0.2933,0,NA
4/15/2021,7:50:00 AM,0,5.8,1.22,8.39,1.47,0.526,0,NA
4/15/2021,8:00:00 AM,0,5.2,1.39,9.1,1.65,0.669,0,NA
4/15/2021,8:10:00 AM,0,29.6,3.05,18.2,3.838,1.589,0,NA
4/15/2021,8:20:00 AM,0,62.9,92.71,112.37,157.837,75.146,0,NA
4/15/2021,8:30:00 AM,0,43.3,638.73,931,919,565,0,NA
4/15/2021,8:40:00 AM,0,19.1,659.54,862,1068,557,0,NA
4/15/2021,8:50:00 AM,0,87,351.93,322.28,579.27,238.799,0.3,NA
4/15/2021,9:00:00 AM,0,52.3,1001.33,1563,1134,829,0,NA
4/15/2021,9:10:00 AM,0,418.7,222.39,395.6,273.6,181.8,0.7,NA
4/15/2021,9:20:00 AM,0,433.7,795.4,1534,1121.8,762.8,0.8,NA
4/15/2021,9:30:00 AM,0,801.2,1314.15,2550,2063,1326,1,NA
4/15/2021,9:40:00 AM,0,577.7,863.45,1770,1326,884,1,NA
4/15/2021,9:50:00 AM,0,379.4,258.86,610.5,362.8,260.5,1,NA
4/15/2021,10:00:00 AM,0,280.2,68.2,124.8,90.69,59.53,0.7,NA
4/15/2021,10:10:00 AM,0,529.7,165.72,267.8,200.5,131.7,0.7,NA
4/15/2021,10:20:00 AM,0,120.4,50.06,96.6,61,43.1,0.2,NA
4/15/2021,10:30:00 AM,0,49.6,31.61,64.9,38.6,28.3,0,NA
4/15/2021,10:40:00 AM,0,185.7,76.19,140.8,97.1,67.9,0.5,NA
4/15/2021,10:50:00 AM,0,87.2,260.78,419,344.3,221.7,0,NA
4/15/2021,11:00:00 AM,0,86.4,80.34,145.3,104.7,71.6,0.1,NA
4/15/2021,11:10:00 AM,0,461,22.02,25,17.9,32,1,NA
4/15/2021,11:20:00 AM,0,181.6,64.6,113.2,83,55.3,0.3,NA
4/15/2021,11:30:00 AM,0,81.3,90.45,152.5,114.7,77.5,0,NA
4/15/2021,11:40:00 AM,0,52.6,118.47,198.4,145.1,101.1,0,NA
4/15/2021,11:50:00 AM,0,79.9,88.07,154.2,115.1,80.1,0,NA
4/15/2021,12:00:00 PM,0,65.6,60.23,102.1,87.8,57.9,0,NA
4/15/2021,12:10:00 PM,0,53.3,81.76,149.5,104.7,75,0,NA
4/15/2021,12:20:00 PM,0,65.6,41.5,76.6,55.3,38.9,0,NA
4/15/2021,12:30:00 PM,0,399.4,37,66.64,49.07,34.31,0.9,NA
4/15/2021,12:40:00 PM,0,82.9,44.53,81.3,62.5,43,0,NA
4/15/2021,12:50:00 PM,0,97.1,32.9,60.8,44.6,31.4,0.1,NA
4/15/2021,1:00:00 PM,0,297.8,22.23,43.1,29.64,21.16,0.4,NA
4/15/2021,1:10:00 PM,0,139.7,10.23,22.77,12.22,9.57,0.1,NA
4/15/2021,1:20:00 PM,0,89.6,18.45,39.4,23.2,17.5,0,NA
4/15/2021,1:30:00 PM,0,104.5,14.59,32.4,17.82,13.92,0.2,NA
4/15/2021,1:40:00 PM,0,382.5,27.8,47.5,41.55,26.64,0.9,NA
4/15/2021,1:50:00 PM,0,591.3,95.96,167,140.7,91.9,1,NA
4/15/2021,2:00:00 PM,0,92.4,95.8,169.1,153.5,91,0.2,NA
4/15/2021,2:10:00 PM,0,83.7,224.62,355,374,215,0.1,NA
4/15/2021,2:20:00 PM,0,81.2,159.93,274,244,158.4,0,NA
4/15/2021,2:30:00 PM,0,86.3,179.07,305,277,179,0.1,NA
4/15/2021,2:40:00 PM,0,188.4,169.48,300,266.3,180.7,0.6,NA
4/15/2021,2:50:00 PM,0,227.1,166.23,244.3,301,175.86,0.6,NA
4/15/2021,3:00:00 PM,0,98.8,201.01,278,383,210,0.2,NA
4/15/2021,3:10:00 PM,0,23,102.91,192,154,103.7,0,NA
4/15/2021,3:20:00 PM,0,385.4,335.16,611.6,446.2,305.4,0.9,NA
4/15/2021,3:30:00 PM,0,150.9,96.6,175,136.4,94.7,0.2,NA
4/15/2021,3:40:00 PM,0,98,93.31,187,124.3,91.5,0,NA
4/15/2021,3:50:00 PM,0,162.4,88.34,160,106.6,78.1,0.4,NA
4/15/2021,4:00:00 PM,0,106.6,63.2,138,84.2,64.7,0,NA
4/15/2021,4:10:00 PM,0,275,386.81,706.7,549,372.3,0.7,NA
4/15/2021,4:20:00 PM,0,233.3,1140.87,1586.2,1498,976.4,0.6,NA
4/15/2021,4:30:00 PM,0,285.6,254.57,399.9,368.2,239.98,0.8,NA
4/15/2021,4:40:00 PM,0,263.1,105.34,185.52,139.77,96.91,0.9,NA
4/15/2021,4:50:00 PM,0,267.4,13.8,25.21,18.34,12.799,0.8,NA
4/15/2021,5:00:00 PM,0,84.8,4.74,10.8,4.69,4.06,0,NA
4/15/2021,5:10:00 PM,0,126.3,10.18,24.96,14.202,11.139,0.4,NA
4/15/2021,5:20:00 PM,0,63.3,26.92,71.9,35.8,29.01,0.1,NA
4/15/2021,5:30:00 PM,0,73.3,34.34,82.3,47.2,36.5,0,NA
4/15/2021,5:40:00 PM,0,145.6,21.02,43.53,28.98,21.41,0.3,NA
4/15/2021,5:50:00 PM,0,197.3,20.88,43.1,28.83,20.86,0.4,NA
4/15/2021,6:00:00 PM,0,320.9,9.91,5.78,9.07,3.699,0.8,NA
4/15/2021,6:10:00 PM,0,296.8,9.07,4.65,9.11,3.32,0.8,NA
4/15/2021,6:20:00 PM,0,154.4,102.51,43.18,30.22,20.41,0.3,NA
4/15/2021,6:30:00 PM,0,74.3,50.33,172.9,219.3,102.1,0.1,NA
4/15/2021,6:40:00 PM,0,67.9,8.08,23.2,40,13.99,0,NA
4/15/2021,6:50:00 PM,0,70.3,70.73,17.4,18.69,9.47,0,NA
4/15/2021,7:00:00 PM,0,80.1,51.32,20.07,20.83,9.87,0.1,NA
4/15/2021,7:10:00 PM,0,239.9,19.42,36,32.8,20.79,0.7,NA
4/15/2021,7:20:00 PM,0,122.5,12.81,37.2,25.5,15.44,0.3,NA
4/15/2021,7:30:00 PM,0,104.6,8.83,26.01,11.81,9.39,0.1,NA
4/15/2021,7:40:00 PM,0,230.4,6.26,27.2,7.6,6.35,0.5,NA
4/15/2021,7:50:00 PM,0,144.6,3.52,19.22,4.19,2.272,0.5,NA
4/15/2021,8:00:00 PM,0,273.8,10.46,33.5,10.2,7.77,0.6,NA
4/15/2021,8:10:00 PM,0,199.5,2.38,6.845,2.964,1.9836,0.5,NA
4/15/2021,8:20:00 PM,0,69.6,0.11,0.222,0.14,0.0769,0,NA
4/15/2021,8:30:00 PM,0,318.7,57.36,4.54,7.83,3.47,0.8,NA
4/15/2021,8:40:00 PM,0,279.5,1.84,8.241,10.289,4.6793,0.9,NA
4/15/2021,8:50:00 PM,0,200.2,1,1.873,1.042,20.6393,0.4,NA
4/15/2021,9:00:00 PM,0,103,0,0.446,0.047,0,0.3,NA
4/15/2021,9:10:00 PM,0,79.8,0,0.507,0.059,0,0.1,NA
4/15/2021,9:20:00 PM,0,113.7,1.33,7.402,7.34,7.378,0.2,NA
4/15/2021,9:30:00 PM,0,44.3,1.44,1.691,1.415,0.455,0,NA
4/15/2021,9:40:00 PM,0,101.2,0.02,0.353,0.035,0.0093,0.2,NA
4/15/2021,9:50:00 PM,0,252.1,0.98,0.584,0.1,0.12,0.4,NA
4/15/2021,10:00:00 PM,0,224.1,2.18,1.922,1.5,0.817,0.6,NA
4/15/2021,10:10:00 PM,0,99.3,3.55,2.781,2.095,1.165,0.1,NA
4/15/2021,10:20:00 PM,0,225.4,1.86,2.498,1.154,1.1689,0.7,NA
4/15/2021,10:30:00 PM,0,15.4,6.52,8.32,3.652,2.837,0,NA
4/15/2021,10:40:00 PM,0,194.3,1.16,1.077,0.392,0.2552,0.2,NA
4/15/2021,10:50:00 PM,0,339.7,2.36,7.041,2.868,1.989,0.8,NA
4/15/2021,11:00:00 PM,0,1324.2,0.59,0.97,2.142,0.479,1,NA
4/15/2021,11:10:00 PM,0,687.6,21.78,9.731,14.969,7.422,1,NA
4/15/2021,11:20:00 PM,0,539.4,0.17,0.97,2.912,20.509,0.9,NA
4/15/2021,11:30:00 PM,0,124.2,0.07,0.694,1.971,0.0583,0.2,NA
4/15/2021,11:40:00 PM,0,105.4,0.05,0.06,0.082,0.049,0.3,NA
4/15/2021,11:50:00 PM,0,627,1.23,4.882,3.87,6.58,1,NA
4/15/2021,12:00:00 AM,0,149.6,0,30.781,89.8,119.2,0.3,NA
4/16/2021,12:10:00 AM,0,91.7,0,0,0,0,0,NA
4/16/2021,12:20:00 AM,0,48.2,0,0,0,0,0,NA
4/16/2021,12:30:00 AM,0,117.6,0,0,0,0,0.2,NA
4/16/2021,12:40:00 AM,0,132,0,0,0,0,0.3,NA
4/16/2021,12:50:00 AM,0,115.5,0,0,0,0,0.2,NA
4/16/2021,1:00:00 AM,0,165.6,0.73,3.19,0.77,0.697,0.4,NA
4/16/2021,1:10:00 AM,0,112.6,0.82,4.04,0.95,0.8,0.2,NA
4/16/2021,1:20:00 AM,0,103.8,0,0,0,0,0.1,NA
4/16/2021,1:30:00 AM,0,85.6,0,0,0,0,0.2,NA
4/16/2021,1:40:00 AM,0,107.4,0,0,0,0,0.1,NA
4/16/2021,1:50:00 AM,0,35.7,0,0,0,0,0,NA
4/16/2021,2:00:00 AM,0,0,0,0,0,0,0,NA
4/16/2021,2:10:00 AM,0,0,0,0,0,0,0,NA
4/16/2021,2:20:00 AM,0,0,0,0,0,0,0,NA
4/16/2021,2:30:00 AM,0,0,0,0,0,0,0,NA
4/16/2021,2:40:00 AM,0,0,0,0,0,0,0,NA
4/16/2021,2:50:00 AM,0,2,0,0,0,0,0,NA
4/16/2021,3:00:00 AM,0,0,0,0,0,0,0,NA
4/16/2021,3:10:00 AM,0,3.3,0,0,0,0,0,NA
4/16/2021,3:20:00 AM,0,10,0,0,0,0,0,NA
4/16/2021,3:30:00 AM,0,3,0,0,0,0,0,NA
4/16/2021,3:40:00 AM,0,0.4,0,0,0,0,0,NA
4/16/2021,3:50:00 AM,0,16.7,0,0,0,0,0,NA
4/16/2021,4:00:00 AM,0,0,0,0,0,0,0,NA
4/16/2021,4:10:00 AM,0,0,0,0,0,0,0,NA
4/16/2021,4:20:00 AM,0,0,0,0,0,0,0,NA
4/16/2021,4:30:00 AM,0,0,0,0,0,0,0,NA
4/16/2021,4:40:00 AM,0,4.2,0,0,0,0,0,NA
4/16/2021,4:50:00 AM,0,0,0,0,0,0,0,NA
4/16/2021,5:00:00 AM,0,4.2,0,0,0,0,0,NA
4/16/2021,5:10:00 AM,0,7.8,0,0,0,0,0,NA
4/16/2021,5:20:00 AM,0,0,0,0,0,0,0,NA
4/16/2021,5:30:00 AM,0,0,0,0,0,0,0,NA
4/16/2021,5:40:00 AM,0,6,0,0,0,0,0,NA
4/16/2021,5:50:00 AM,0,62.3,0,0,0,0,0.1,NA
4/16/2021,6:00:00 AM,0,0,0,0,0,0,0,NA
4/16/2021,6:10:00 AM,0,28.6,0,0,0,0,0,NA
4/16/2021,6:20:00 AM,0,21.5,0,0,0,0,0,NA
4/16/2021,6:30:00 AM,0,14.1,0.08,0.466,0.128,0.0372,0,NA
4/16/2021,6:40:00 AM,0,0.3,0,0,0,0,0,NA
4/16/2021,6:50:00 AM,0,96.9,4.16,6.721,5.39,3.82,0.2,NA
4/16/2021,7:00:00 AM,0,0,0,0,0,0,0,NA
4/16/2021,7:10:00 AM,0,14.9,5.15,7.8,7.2,4.81,0,NA
4/16/2021,7:20:00 AM,0,38.3,8.34,10.04,13,6.6,0.1,NA
4/16/2021,7:30:00 AM,0,7.3,8.75,11.57,10.45,6.45,0,NA
4/16/2021,7:40:00 AM,0,21.7,27.3,37.1,26.7,18.76,0,NA
4/16/2021,7:50:00 AM,0,5,45.65,65,42.8,31.48,0,NA
4/16/2021,8:00:00 AM,0,1.5,25.27,27.4,17.3,13,0,NA
4/16/2021,8:10:00 AM,0,30.4,115.49,153.7,98.1,74.2,0,NA
4/16/2021,8:20:00 AM,0,17,135,233,132.3,104.1,0,NA
4/16/2021,8:30:00 AM,0,31,254.33,346,382,198,0,NA
4/16/2021,8:40:00 AM,0,57.2,251.8,288,418,182,0,NA
4/16/2021,8:50:00 AM,0,357.8,51.85,76.3,56.83,39.39,0.9,NA
4/16/2021,9:00:00 AM,0,373.2,277.73,504.5,350.4,242.31,1,NA
4/16/2021,9:10:00 AM,0,150.2,449.56,664,607,375,0.3,NA
4/16/2021,9:20:00 AM,0,68.4,388.75,621,504.9,334,0,NA
4/16/2021,9:30:00 AM,0,76.5,580.82,977,808,458,0,NA
4/16/2021,9:40:00 AM,0,77.8,1181.67,1902,1151,900,0,NA
4/16/2021,9:50:00 AM,0,48.2,491.88,789,672,410,0,NA
4/16/2021,10:00:00 AM,0,84.6,689.99,1173,892,571,0,NA
4/16/2021,10:10:00 AM,0,96.5,3095.4,5340,5612,2739,0,NA
4/16/2021,10:20:00 AM,0,95.8,905.28,1389,963,716,0.2,NA
4/16/2021,10:30:00 AM,0,141.5,1717.19,3658,2178,1229,0.2,NA
4/16/2021,10:40:00 AM,0,105.9,1014.19,2428,1206,943,0.2,NA
4/16/2021,10:50:00 AM,0,67.9,278.37,431,348,226,0,NA
4/16/2021,11:00:00 AM,0,281.1,1262.16,5253.6,1455.5,981.7,0.7,NA
4/16/2021,11:10:00 AM,0,247.7,1198.34,6408,1436,678,0.7,NA
4/16/2021,11:20:00 AM,0,155.4,718.05,1147,926,631,0.4,NA
4/16/2021,11:30:00 AM,0,74.8,532,851,746,487,0,NA
4/16/2021,11:40:00 AM,0,134.4,384.47,637,492,346,0.1,NA
4/16/2021,11:50:00 AM,0,271.2,231.02,330.9,361.4,207.3,0.7,NA
4/16/2021,12:00:00 PM,0,318.4,65.71,102,91.1,57.88,0.6,NA
4/16/2021,12:10:00 PM,0,414.1,118.42,200.4,168.6,108.8,1,NA
4/16/2021,12:20:00 PM,0,531.7,321.32,637.4,490.9,328.7,0.9,NA
4/16/2021,12:30:00 PM,0,559.6,2844.78,5380,4510,2871,1,NA
4/16/2021,12:40:00 PM,0,123.8,1959.41,3730,3170,1937,0.2,NA
4/16/2021,12:50:00 PM,0,556.9,817.03,1680,1309,860,1,NA
4/16/2021,1:00:00 PM,0,610.7,138.66,285,176,131.2,1,NA
4/16/2021,1:10:00 PM,0,538.7,86.57,147.4,110.1,73.7,1,NA
4/16/2021,1:20:00 PM,0,501.2,1007.34,5154.3,1324.5,604.8,1,NA
4/16/2021,1:30:00 PM,0,388.2,1619.2,3736,3845.6,1327.4,0.7,NA
4/16/2021,1:40:00 PM,0,16.1,274,164,116.1,107.8,0,NA
4/16/2021,1:50:00 PM,0,38.2,913.36,806.5,870.1,641.4,0,NA
4/16/2021,2:00:00 PM,0.4,58,244.91,129.6,120.9,97.7,-0.4,NA
4/16/2021,2:10:00 PM,1,-1,-1,-1,-1,-1,-1,NA
4/16/2021,2:20:00 PM,0.6,194.7,240.96,420.6,315.8,232.33,-0.4,NA
4/16/2021,2:30:00 PM,0,359.8,2354.41,11070,3360,1821,1,NA
4/16/2021,2:40:00 PM,0,465,1451.22,652,950,504.7,1,NA
4/16/2021,2:50:00 PM,0,519.7,3197.89,18375.8,3755.8,2284.4,1,NA
4/16/2021,3:00:00 PM,0,230.6,579.11,1067.1,698.4,525.7,0.4,NA
4/16/2021,3:10:00 PM,0,200.8,81.27,142.2,98.7,69.2,0.5,NA
4/16/2021,3:20:00 PM,0,326.9,1336.97,2319,1871.5,1213.9,0.9,NA
4/16/2021,3:30:00 PM,0,366.8,2254.48,4490,3420,2230,0.9,NA
4/16/2021,3:40:00 PM,0,415,1800.32,3712.3,2760,1774.4,0.8,NA
4/16/2021,3:50:00 PM,0,163.5,81.28,136.4,92.4,65.1,0.4,NA
4/16/2021,4:00:00 PM,0,140.9,44.42,80.2,52.9,36.7,0.3,NA
4/16/2021,4:10:00 PM,0,187.1,39.24,77.4,47.8,34,0.4,NA
4/16/2021,4:20:00 PM,0,175,66.66,125.9,82.7,58.8,0.6,NA
4/16/2021,4:30:00 PM,0,231.1,47.12,99.1,60.7,45.9,0.5,NA
4/16/2021,4:40:00 PM,0,275.9,65.2,118,77.7,55.3,0.4,NA
4/16/2021,4:50:00 PM,0,236.4,57.79,111.5,75.1,52.9,0.8,NA
4/16/2021,5:00:00 PM,0,304.6,43.46,92.3,53.8,40.1,0.7,NA
4/16/2021,5:10:00 PM,0,76.6,64.12,131.5,78.2,59.7,0.1,NA
4/16/2021,5:20:00 PM,0,170.1,642.68,1200.6,852.2,599.8,0.6,NA
4/16/2021,5:30:00 PM,0,44.8,51.27,80.241,86.441,51.2483,0.1,NA
4/16/2021,5:40:00 PM,0,250.2,118.94,143.1,270,122.5,0.6,NA
4/16/2021,5:50:00 PM,0,452.6,46.51,69.8,81.8,48.2,0.9,NA
4/16/2021,6:00:00 PM,0,447.5,27.25,31.3,31.6,20.11,1,NA
4/16/2021,6:10:00 PM,0,395.1,24.55,34,31.3,19.1,1,NA
4/16/2021,6:20:00 PM,0,513.7,25.32,42.7,58.2,26.4,1,NA
4/16/2021,6:30:00 PM,0,477.3,25.5,50.9,32.6,22.6,0.8,NA
4/16/2021,6:40:00 PM,0,137,16.76,35.51,19.02,14.013,0.4,NA
4/16/2021,6:50:00 PM,0,555.2,22.85,52.3,27.71,21.05,1,NA
4/16/2021,7:00:00 PM,0,638.2,25.06,53.5,33.1,23.9,1,NA
4/16/2021,7:10:00 PM,0,767.7,19.77,41.3,27.1,18.88,1,NA
4/16/2021,7:20:00 PM,0,530.5,372.87,444,811,391,0.9,NA
4/16/2021,7:30:00 PM,0,293.5,225.94,267,497,237,0.8,NA
4/16/2021,7:40:00 PM,0,276.5,182.43,232,398,195,0.7,NA
4/16/2021,7:50:00 PM,0,273.2,126.82,163.9,286.6,134.1,0.8,NA
4/16/2021,8:00:00 PM,0,176.9,13.21,19.471,27.329,13.7693,0.5,NA
4/16/2021,8:10:00 PM,0,388.8,1.85,6.34,4.364,4.148,0.9,NA
4/16/2021,8:20:00 PM,0,283.9,0.82,5.291,0.935,0.4343,0.9,NA
4/16/2021,8:30:00 PM,0,294.3,1.08,7.21,1.311,0.485,1,NA
4/16/2021,8:40:00 PM,0,306.2,1.11,7.46,1.345,0.503,0.9,NA
4/16/2021,8:50:00 PM,0,364.1,0.95,6.43,1.104,0.416,0.9,NA
4/16/2021,9:00:00 PM,0,246.9,1.56,9.06,1.817,1.039,0.7,NA
4/16/2021,9:10:00 PM,0,396.1,1.49,8.88,1.711,0.806,1,NA
4/16/2021,9:20:00 PM,0,587.7,1.2,7.55,1.404,0.631,1,NA
4/16/2021,9:30:00 PM,0,447,1.72,9.63,2.072,1.108,1,NA
4/16/2021,9:40:00 PM,0,888.6,2.33,13.91,2.755,1.29,1,NA
4/16/2021,9:50:00 PM,0,639.8,2.03,11.81,2.45,1.061,1,NA
4/16/2021,10:00:00 PM,0,509,5.81,8.24,5.1,3.164,1,NA
4/16/2021,10:10:00 PM,0,446.6,0,17.61,1.2,52.72,0.8,NA
4/16/2021,10:20:00 PM,0,388.8,0,14.4,24.38,10.79,0.8,NA
4/16/2021,10:30:00 PM,0,414.3,0,23.03,41,39.06,0.9,NA
4/16/2021,10:40:00 PM,0,430.2,0,20.901,17.8,18.34,0.9,NA
4/16/2021,10:50:00 PM,0,838.7,0.62,3.96,0.79,0.514,1,NA
4/16/2021,11:00:00 PM,0,467.2,0.05,2.822,0.082,1.749,1,NA
4/16/2021,11:10:00 PM,0,580.5,0.91,6.39,1.019,0.3991,1,NA
4/16/2021,11:20:00 PM,0,466.2,1.31,2.43,0.411,0.259,1,NA
4/16/2021,11:30:00 PM,0,659.6,4.58,2.79,3.9,2.2,1,NA
4/16/2021,11:40:00 PM,0,614.2,0,0.983,0.93,0,1,NA
4/16/2021,11:50:00 PM,0,640.2,0,0.48,0,0,1,NA
4/16/2021,12:00:00 AM,0,867.3,0,0.555,0.93,0,1,NA
4/17/2021,12:10:00 AM,0,373.2,10.75,6.292,9.85,5.26,1,NA
4/17/2021,12:20:00 AM,0,142.3,0,2.623,2.54,39.68,0.4,NA
4/17/2021,12:30:00 AM,0,375.2,0,1.002,0.082,0,1,NA
4/17/2021,12:40:00 AM,0,386.6,2.65,7.691,13.051,6.6663,1,NA
4/17/2021,12:50:00 AM,0,704.2,3.75,4.512,9.606,3.5731,1,NA
4/17/2021,1:00:00 AM,0,308.3,1.96,2.162,1.672,1.41,0.8,NA
4/17/2021,1:10:00 AM,0,553.9,4.9,2.123,5,2.13,1,NA
4/17/2021,1:20:00 AM,0,598.8,0.98,4.114,5.9,3.25,1,NA
4/17/2021,1:30:00 AM,0,216.1,0,1.573,1.57,1.19,0.6,NA
4/17/2021,1:40:00 AM,0,490.4,0,1.541,4.58,1.7,0.5,NA
4/17/2021,1:50:00 AM,0,636.4,1.06,1.501,0.241,0.354,1,NA
4/17/2021,2:00:00 AM,0,240.3,0,6,9.2,6.18,1,NA
4/17/2021,2:10:00 AM,0,274.9,0,0.233,0,0,0.7,NA
4/17/2021,2:20:00 AM,0,103.3,0,0,0,0,0.3,NA
4/17/2021,2:30:00 AM,0,0,0,0,0,0,0,NA
4/17/2021,2:40:00 AM,0,0,0,0,0,0,0,NA
4/17/2021,2:50:00 AM,0,0,0,0,0,0,0,NA
4/17/2021,3:00:00 AM,0,0,0,0,0,0,0,NA
4/17/2021,3:10:00 AM,0,0,0,0,0,0,0,NA
4/17/2021,3:20:00 AM,0,0,0,0,0,0,0,NA
4/17/2021,3:30:00 AM,0,0,0,0,0,0,0,NA
4/17/2021,3:40:00 AM,0,1,0,0,0,0,0,NA
4/17/2021,3:50:00 AM,0,0,0,0,0,0,0,NA
4/17/2021,4:00:00 AM,0,0,0,0,0,0,0,NA
4/17/2021,4:10:00 AM,0,0,0,0,0,0,0,NA
4/17/2021,4:20:00 AM,0,13.1,0,0,0,0,0,NA
4/17/2021,4:30:00 AM,0,0,0,0,0,0,0,NA
4/17/2021,4:40:00 AM,0,2.5,0,0,0,0,0,NA
4/17/2021,4:50:00 AM,0,0,0,0,0,0,0,NA
4/17/2021,5:00:00 AM,0,0.8,0,0,0,0,0,NA
4/17/2021,5:10:00 AM,0,0,0,0,0,0,0,NA
4/17/2021,5:20:00 AM,0,0,0,0,0,0,0,NA
4/17/2021,5:30:00 AM,0,3.8,0,0,0,0,0,NA
4/17/2021,5:40:00 AM,0,0,0,0,0,0,0,NA
4/17/2021,5:50:00 AM,0,0,0,0,0,0,0,NA
4/17/2021,6:00:00 AM,0,0,0.18,0.363,0.269,0.1321,0,NA
4/17/2021,6:10:00 AM,0,0,0.85,1.36,1.482,0.739,0,NA
4/17/2021,6:20:00 AM,0,1.4,2.02,3.13,3.56,2.14,0,NA
4/17/2021,6:30:00 AM,0,27.3,1.21,1.92,2.69,1.29,0,NA
4/17/2021,6:40:00 AM,0,0,0,0,0,0,0,NA
4/17/2021,6:50:00 AM,0,0,0,0,0,0,0,NA
4/17/2021,7:00:00 AM,0,0,0,0,0,0,0,NA
4/17/2021,7:10:00 AM,0,11.7,3.7,6.64,4.97,3.48,0,NA
4/17/2021,7:20:00 AM,0,26.6,1.23,2.1,1.71,1.14,0,NA
4/17/2021,7:30:00 AM,0,0,0,0,0,0,0,NA
4/17/2021,7:40:00 AM,0,0,0,0,0,0,0,NA
4/17/2021,7:50:00 AM,0,0,0,0,0,0,0,NA
4/17/2021,8:00:00 AM,0,0,0,0,0,0,0,NA
4/17/2021,8:10:00 AM,0,19.4,0,0,0,0,0,NA
4/17/2021,8:20:00 AM,0,98.5,6.26,9.836,13.246,5.5886,0.4,NA
4/17/2021,8:30:00 AM,0,1,0.1,0.71,0.06,0.031,0,NA
4/17/2021,8:40:00 AM,0,11.2,0.06,0.426,0.036,0.0186,0,NA
4/17/2021,8:50:00 AM,0,31.9,0.03,0.284,0.024,0.0093,0,NA
4/17/2021,9:00:00 AM,0,5,0.98,0.14,0,0.12,0,NA
4/17/2021,9:10:00 AM,0,165.7,19.54,41.69,31.12,18.94,0.3,NA
4/17/2021,9:20:00 AM,0,141.9,45.22,92.66,57.481,42.631,0.3,NA
4/17/2021,9:30:00 AM,0,417.8,44.26,94.91,61.515,38.531,0.8,NA
4/17/2021,9:40:00 AM,0,258.8,5.93,55.68,5.13,2.484,0.5,NA
4/17/2021,9:50:00 AM,0,315.1,15.53,144.6,13.61,6.5,0.8,NA
4/17/2021,10:00:00 AM,0,170.5,6.23,58.53,5.448,2.626,0.4,NA
4/17/2021,10:10:00 AM,0,81.2,8.48,80.2,7.31,3.56,0.1,NA
4/17/2021,10:20:00 AM,0,174.9,1.35,12.61,1.162,0.5694,0.6,NA
4/17/2021,10:30:00 AM,0,214.1,0.56,5.25,0.483,0.236,0.6,NA
4/17/2021,10:40:00 AM,0,66.5,0.32,3.031,0.269,0.1334,0,NA
4/17/2021,10:50:00 AM,0,191.1,0.27,2.6,0.228,0.1142,0.6,NA
4/17/2021,11:00:00 AM,0,151.5,0.31,1.811,0.281,0.2134,0.2,NA
4/17/2021,11:10:00 AM,0,141.6,0.45,4.14,0.382,0.188,0.3,NA
4/17/2021,11:20:00 AM,0,114.3,0.31,3.201,0.287,0.1404,0.3,NA
4/17/2021,11:30:00 AM,0,114.4,0.61,4.82,0.573,0.3132,0,NA
4/17/2021,11:40:00 AM,0,134.7,1.71,4.662,1.995,1.4666,0.2,NA
4/17/2021,11:50:00 AM,0,440.5,7.17,66.95,6.26,3.027,1,NA
4/17/2021,12:00:00 PM,0,177,10.99,102.5,9.61,4.63,0.6,NA
4/17/2021,12:10:00 PM,0,613.8,65.46,95.16,71.265,47.619,1,NA
4/17/2021,12:20:00 PM,0,132.6,83.57,387.73,104.295,60.897,0.4,NA
4/17/2021,12:30:00 PM,0,373.2,41.55,92.4,53.2,39.54,0.8,NA
4/17/2021,12:40:00 PM,0,185.6,146.08,215.3,248.47,148.58,0.5,NA
4/17/2021,12:50:00 PM,0,66,385.57,446,860,410,0,NA
4/17/2021,1:00:00 PM,0,61.9,332.73,406,678,353,0,NA
4/17/2021,1:10:00 PM,0,224.7,193.49,249.9,399.2,199.2,0.4,NA
4/17/2021,1:20:00 PM,0,77,289.38,380,517,237.5,0.2,NA
4/17/2021,1:30:00 PM,0,33.1,166.23,225,288,163.6,0,NA
4/17/2021,1:40:00 PM,0,47.2,265.62,290,656,281,0,NA
4/17/2021,1:50:00 PM,0,43.6,328.46,375.9,786,343.8,0,NA
4/17/2021,2:00:00 PM,0,48.9,164.22,238.88,279.69,165.42,0,NA
4/17/2021,2:10:00 PM,0,184.1,123.73,151.8,262.3,132.1,0.4,NA
4/17/2021,2:20:00 PM,0,93.4,112.43,164.1,227.1,116.1,0.2,NA
4/17/2021,2:30:00 PM,0,74.2,43.54,84.2,60.5,42.3,0.1,NA
4/17/2021,2:40:00 PM,0,1.4,60.66,116,99.9,65.4,0,NA
4/17/2021,2:50:00 PM,0,30.7,56.72,97.3,86.2,55.6,0,NA
4/17/2021,3:00:00 PM,0,110.2,111.56,131.7,237.7,120.1,0.4,NA
4/17/2021,3:10:00 PM,0,213.6,53.44,104.8,71.6,49.8,0.6,NA
4/17/2021,3:20:00 PM,0,634.2,55.31,111.5,73.7,52.5,1,NA
4/17/2021,3:30:00 PM,0,409.1,679.63,1407.1,1020.9,637.5,0.9,NA
4/17/2021,3:40:00 PM,0,371.3,419.03,824.5,594.2,400,1,NA
4/17/2021,3:50:00 PM,0,225.6,34.81,68.4,43.3,31.5,0.8,NA
4/17/2021,4:00:00 PM,0,332.1,190.41,326,229.6,168.4,0.7,NA
4/17/2021,4:10:00 PM,0,419.3,205.24,381.7,228,167.7,0.9,NA
4/17/2021,4:20:00 PM,0,355.7,1591.39,4217.7,2273.2,1412.5,0.6,NA
4/17/2021,4:30:00 PM,0,356.4,1243.51,2388.8,1813.3,1191.3,0.7,NA
4/17/2021,4:40:00 PM,0,440.7,125.15,218,166.6,110.7,1,NA
4/17/2021,4:50:00 PM,0,115.6,363.19,484,690,288.9,0.3,NA
4/17/2021,5:00:00 PM,0,458.2,799.94,2329,1135,648,0.9,NA
4/17/2021,5:10:00 PM,0,193,868.72,970,1770,751,0.6,NA
4/17/2021,5:20:00 PM,0,214,1043.66,1199,2040,897,0.8,NA
4/17/2021,5:30:00 PM,0,247,1370.66,1637,3290,1366,0.6,NA
4/17/2021,5:40:00 PM,0,556.1,727.62,950.12,1314.8,761.26,0.9,NA
4/17/2021,5:50:00 PM,0,245.6,0,3,4.2,2,0.6,NA
4/17/2021,6:00:00 PM,0,235.7,0,0,0,0,0.6,NA
4/17/2021,6:10:00 PM,0,439.9,0,0,0,0,1,NA
4/17/2021,6:20:00 PM,0,412.3,0,0,0,0,1,NA
4/17/2021,6:30:00 PM,0,487.3,0,1.2,2.4,1.9,1,NA
4/17/2021,6:40:00 PM,0,419.2,0,0,0,0,1,NA
4/17/2021,6:50:00 PM,0,381.1,0,1.1,0,1.9,1,NA
4/17/2021,7:00:00 PM,0,491.4,0,13.3,13.2,10.6,1,NA
4/17/2021,7:10:00 PM,0,485.7,0,5.39,8,4,1,NA
4/17/2021,7:20:00 PM,0,469.7,0,63.2,78.2,48.3,1,NA
4/17/2021,7:30:00 PM,0,479.6,0,53,51,38,1,NA
4/17/2021,7:40:00 PM,0,483.2,0,0,0,0,1,NA
4/17/2021,7:50:00 PM,0,338.5,0,0,0,0,1,NA
4/17/2021,8:00:00 PM,0,294,0,1.911,0,40,0.5,NA
4/17/2021,8:10:00 PM,0,69.9,0,0,0,0,0.1,NA
4/17/2021,8:20:00 PM,0,521.5,0,0,0,0,1,NA
4/17/2021,8:30:00 PM,0,658.4,0,0,0,0,1,NA
4/17/2021,8:40:00 PM,0,369.1,0,60,216,51,1,NA
4/17/2021,8:50:00 PM,0,468.4,0,0.24,0.16,0,1,NA
4/17/2021,9:00:00 PM,0,632.8,0,43.9,77.1,37.4,1,NA
4/17/2021,9:10:00 PM,0,494.6,0,172.5,431.7,130.8,1,NA
4/17/2021,9:20:00 PM,0,495.9,0,233.6,338.7,176.2,1,NA
4/17/2021,9:30:00 PM,0,667.7,0,172.2,360.4,143.2,1,NA
4/17/2021,9:40:00 PM,0,510.1,0,101.3,136,83.2,1,NA
4/17/2021,9:50:00 PM,0,406.8,0,49.6,143,40.9,0.9,NA
4/17/2021,10:00:00 PM,0,284,0,0,0,0,0.7,NA
4/17/2021,10:10:00 PM,0,192,0,0,0,0,0.7,NA
4/17/2021,10:20:00 PM,0,288.2,0,0.081,0,0,0.8,NA
4/17/2021,10:30:00 PM,0,119.3,0,0,0,0,0.2,NA
4/17/2021,10:40:00 PM,0,273.1,2.59,2.241,2.982,1.44,0.9,NA
4/17/2021,10:50:00 PM,0,215.9,0,0,0,0,0.5,NA
4/17/2021,11:00:00 PM,0,52.9,0,0,0,0,0,NA
4/17/2021,11:10:00 PM,0,53.1,3.94,1.232,1.358,1.0093,0,NA
4/17/2021,11:20:00 PM,0,108.8,0.85,2.161,6.091,1.797,0.3,NA
4/17/2021,11:30:00 PM,0,361.7,0,0.22,0,0.34,0.8,NA
4/17/2021,11:40:00 PM,0,62.8,0,0.79,0,1,0.1,NA
4/17/2021,11:50:00 PM,0,9.4,0,0,0,0,0,NA
4/17/2021,12:00:00 AM,0,16.3,0,0,0,0,0,NA
4/18/2021,12:10:00 AM,0,21.6,0,0,0,0,0,NA
4/18/2021,12:20:00 AM,0,21.8,0,0,0,0,0,NA
4/18/2021,12:30:00 AM,0,44.7,0,0,0,0,0.1,NA
4/18/2021,12:40:00 AM,0,0,0,0,0,0,0,NA
4/18/2021,12:50:00 AM,0,0,0,0,0,0,0,NA
4/18/2021,1:00:00 AM,0,0,0,0,0,0,0,NA
4/18/2021,1:10:00 AM,0,0,0,0,0,0,0,NA
4/18/2021,1:20:00 AM,0,1.7,0,0,0,0,0,NA
4/18/2021,1:30:00 AM,0,0.2,0,0,0,0,0,NA
4/18/2021,1:40:00 AM,0,0,0,0,0,0,0,NA
4/18/2021,1:50:00 AM,0,29.1,0,0,0,0,0,NA
4/18/2021,2:00:00 AM,0,0,0,0,0,0,0,NA
4/18/2021,2:10:00 AM,0,0,0,0,0,0,0,NA
4/18/2021,2:20:00 AM,0,0,0,0,0,0,0,NA
4/18/2021,2:30:00 AM,0,0,0,0,0,0,0,NA
4/18/2021,2:40:00 AM,0,8.4,0,0,0,0,0,NA
4/18/2021,2:50:00 AM,0,0,0,0,0,0,0,NA
4/18/2021,3:00:00 AM,0,17.6,0,0,0,0,0,NA
4/18/2021,3:10:00 AM,0,10.1,0,0,0,0,0,NA
4/18/2021,3:20:00 AM,0,3.5,0,0,0,0,0,NA
4/18/2021,3:30:00 AM,0,0,0,0,0,0,0,NA
4/18/2021,3:40:00 AM,0,2.7,0,0,0,0,0,NA
4/18/2021,3:50:00 AM,0,0,0,0,0,0,0,NA
4/18/2021,4:00:00 AM,0,16.9,0,0,0,0,0,NA
4/18/2021,4:10:00 AM,0,24.3,0,0,0,0,0.1,NA
4/18/2021,4:20:00 AM,0,0,0,0,0,0,0,NA
4/18/2021,4:30:00 AM,0,16.1,0,0,0,0,0,NA
4/18/2021,4:40:00 AM,0,8.8,0,0,0,0,0,NA
4/18/2021,4:50:00 AM,0,27.9,0,0,0,0,0.1,NA
4/18/2021,5:00:00 AM,0,6.6,0,0,0,0,0,NA
4/18/2021,5:10:00 AM,0,2.4,0,0,0,0,0,NA
4/18/2021,5:20:00 AM,0,2.7,0,0,0,0,0,NA
4/18/2021,5:30:00 AM,0,0.2,0,0,0,0,0,NA
4/18/2021,5:40:00 AM,0,0,0,0,0,0,0,NA
4/18/2021,5:50:00 AM,0,17.6,0,0,0,0,0,NA
4/18/2021,6:00:00 AM,0,0,0,0,0,0,0,NA
4/18/2021,6:10:00 AM,0,0,0,0,0,0,0,NA
4/18/2021,6:20:00 AM,0,0,0,0,0,0,0,NA
4/18/2021,6:30:00 AM,0,3.2,0,0,0,0,0,NA
4/18/2021,6:40:00 AM,0,7.9,0,0,0,0,0,NA
4/18/2021,6:50:00 AM,0,1.6,0,0,0,0,0,NA
4/18/2021,7:00:00 AM,0,5.8,0,0,0,0,0,NA
4/18/2021,7:10:00 AM,0,12.9,0,0,0,0,0,NA
4/18/2021,7:20:00 AM,0,0,0,0,0,0,0,NA
4/18/2021,7:30:00 AM,0,13.7,0,0,0,0,0,NA
4/18/2021,7:40:00 AM,0,0.2,0,0,0,0,0,NA
4/18/2021,7:50:00 AM,0,8.2,0,0,0,0,0,NA
4/18/2021,8:00:00 AM,0,77.7,0,0,0,0,0.2,NA
4/18/2021,8:10:00 AM,0,34.2,0,0,0,0,0.1,NA
4/18/2021,8:20:00 AM,0,21.2,0,0,0,0,0,NA
4/18/2021,8:30:00 AM,0,28.2,0,0,0,0,0,NA
4/18/2021,8:40:00 AM,0,29.2,0,0,0,0,0,NA
4/18/2021,8:50:00 AM,0,77.5,0.21,0.424,1.105,0.1466,0.1,NA
4/18/2021,9:00:00 AM,0,29.2,0.1,0.12,0.164,0.098,0,NA
4/18/2021,9:10:00 AM,0,37.5,0,0,0,0,0.1,NA
4/18/2021,9:20:00 AM,0,108.3,3.23,3.23,5.424,2.077,0.2,NA
4/18/2021,9:30:00 AM,0,38.4,3.24,1.44,2.044,1.364,0,NA
4/18/2021,9:40:00 AM,0,26.3,2.58,1.63,2,1.83,0,NA
4/18/2021,9:50:00 AM,0,39.1,0.63,0.611,4.089,0.446,0,NA
4/18/2021,10:00:00 AM,0,104,0.94,1.041,1.192,0.749,0.3,NA
4/18/2021,10:10:00 AM,0,332.9,66.75,71.085,46.67,35.3,1,NA
4/18/2021,10:20:00 AM,0,147.3,13.57,37.7,17.08,12.48,0.3,NA
4/18/2021,10:30:00 AM,0,189.4,5.44,18.05,6.895,5.26,0.5,NA
4/18/2021,10:40:00 AM,0,126.3,9.47,23.2,12.07,9.69,0.3,NA
4/18/2021,10:50:00 AM,0,113.6,4.72,17.101,5.923,4.6561,0.1,NA
4/18/2021,11:00:00 AM,0,54.8,2.82,9.61,3.322,2.165,0.2,NA
4/18/2021,11:10:00 AM,0,134.8,172.2,238,231.5,151.7,0.2,NA
4/18/2021,11:20:00 AM,0,76.3,107.38,160.9,138.8,95.9,0.1,NA
4/18/2021,11:30:00 AM,0,377.9,708.23,1401.6,1027.59,701.32,0.6,NA
4/18/2021,11:40:00 AM,0,211.9,387.61,165.7,125.5,80.4,0.5,NA
4/18/2021,11:50:00 AM,0,160.4,94.51,120.9,258.1,87.9,0.5,NA
4/18/2021,12:00:00 PM,0,171.7,83.36,106.3,157.2,84.3,0.5,NA
4/18/2021,12:10:00 PM,0,112.4,62.78,75.48,151.14,64.53,0.1,NA
4/18/2021,12:20:00 PM,0,230.4,32,53.81,53.08,33.139,0.7,NA
4/18/2021,12:30:00 PM,0,239.2,25.86,55.2,40.2,27.1,0.7,NA
4/18/2021,12:40:00 PM,0,137.5,22.43,36.54,37.15,20.722,0.4,NA
4/18/2021,12:50:00 PM,0,20,5.52,16.68,7.84,4.709,0,NA
4/18/2021,1:00:00 PM,0,81.4,7.82,19.03,12.301,7.652,0.2,NA
4/18/2021,1:10:00 PM,0,618,559.52,1244.1,798.13,585.24,1,NA
4/18/2021,1:20:00 PM,0,371.8,3998.21,8170,5730,4120,1,NA
4/18/2021,1:30:00 PM,0,396.9,2698.74,8025,3512,2507.9,0.9,NA
4/18/2021,1:40:00 PM,0,100,3148.7,7940,4083,3126,0.1,NA
4/18/2021,1:50:00 PM,0,211.5,2014.36,7370,2500,1754,0.5,NA
4/18/2021,2:00:00 PM,0,281.2,673.76,1690.3,950.5,722.92,0.9,NA
4/18/2021,2:10:00 PM,0,295.1,318.64,681.86,421.64,299.6,0.7,NA
4/18/2021,2:20:00 PM,0,544.4,3165.43,6980,4960,3310,1,NA
4/18/2021,2:30:00 PM,0,329.3,4861.26,25653.6,7081.3,3097.4,0.8,NA
4/18/2021,2:40:00 PM,0,204.2,583.6,1137.8,765.92,540.25,0.5,NA
4/18/2021,2:50:00 PM,0,160.2,17.3,66.5,19.26,15.755,0.4,NA
4/18/2021,3:00:00 PM,0,27.1,8.99,38.64,10.34,8.5573,0,NA
4/18/2021,3:10:00 PM,0,91.8,16.46,62.26,17.637,14.532,0.2,NA
4/18/2021,3:20:00 PM,0,69.6,0.94,5.861,1.004,0.6862,0,NA
4/18/2021,3:30:00 PM,0,40.2,4.26,19.501,4.873,3.8745,0,NA
4/18/2021,3:40:00 PM,0,68.9,8.76,39.42,10.13,8.454,0.1,NA
4/18/2021,3:50:00 PM,0,98.2,6.04,24.88,7.09,5.22,0.2,NA
4/18/2021,4:00:00 PM,0,261.5,93.05,114.56,171.44,99.27,0.8,NA
4/18/2021,4:10:00 PM,0,327.5,109.61,132.2,210.7,118.9,0.5,NA
4/18/2021,4:20:00 PM,0,616.2,16.23,30.95,24.626,16.34,1,NA
4/18/2021,4:30:00 PM,0,150.2,1.55,1.42,1.926,0.955,0.2,NA
4/18/2021,4:40:00 PM,0,334.7,492.77,632.35,1014.424,472.14,0.8,NA
4/18/2021,4:50:00 PM,0,182.6,1216.69,1767,2205,1162,0.5,NA
4/18/2021,5:00:00 PM,0,203.4,852.86,1901,1848,786,0.7,NA
4/18/2021,5:10:00 PM,0,204.9,1164.84,1561,2193,1163,0.6,NA
4/18/2021,5:20:00 PM,0,362.9,843.22,1091.7,1261.5,854.9,0.8,NA
4/18/2021,5:30:00 PM,0,240.2,0,24.45,43.2,106.7,0.8,NA
4/18/2021,5:40:00 PM,0,240.6,0,18.18,140,94.5,0.8,NA
4/18/2021,5:50:00 PM,0,235.2,0,23.5,315,65.2,0.8,NA
4/18/2021,6:00:00 PM,0,412.7,0,28.7,317.7,64.6,1,NA
4/18/2021,6:10:00 PM,0,394.6,0,28,78,139,1,NA
4/18/2021,6:20:00 PM,0,192.3,0,14.84,76.2,17.1,0.5,NA
4/18/2021,6:30:00 PM,0,413.7,0,52.42,67.8,40.5,1,NA
4/18/2021,6:40:00 PM,0,314.7,0,22.01,33,47.1,1,NA
4/18/2021,6:50:00 PM,0,390.3,0,31.7,27,101.5,1,NA
4/18/2021,7:00:00 PM,0,446.6,0,27.1,94,82.9,1,NA
4/18/2021,7:10:00 PM,0,453.7,0,19.7,29,68.4,1,NA
4/18/2021,7:20:00 PM,0,456.3,0,29,160.4,91,1,NA
4/18/2021,7:30:00 PM,0,428.4,0,15.43,25.77,32.44,0.9,NA
4/18/2021,7:40:00 PM,0,41.8,0,2.591,2.662,1.44,0,NA
4/18/2021,7:50:00 PM,0,309.3,0,12.92,27.514,14.9,0.8,NA
4/18/2021,8:00:00 PM,0,407,0,60.3,107,162.3,1,NA
4/18/2021,8:10:00 PM,0,324.4,0,44.5,320,62.2,0.9,NA
4/18/2021,8:20:00 PM,0,342.6,0,25.4,0,43.9,1,NA
4/18/2021,8:30:00 PM,0,304.8,0,37.8,100,75.9,1,NA
4/18/2021,8:40:00 PM,0,459.5,0,370.7,572,302.7,1,NA
4/18/2021,8:50:00 PM,0,420.9,0,489,919,368,1,NA
4/18/2021,9:00:00 PM,0,416.1,0,147.3,320,124.3,1,NA
4/18/2021,9:10:00 PM,0,392.5,0,262.4,578,229.7,1,NA
4/18/2021,9:20:00 PM,0,458.5,0,125,173,120,1,NA
4/18/2021,9:30:00 PM,0,439.1,0,220.8,544.6,181.3,1,NA
4/18/2021,9:40:00 PM,0,531.1,0,247.7,767,191.7,1,NA
4/18/2021,9:50:00 PM,0,538.2,0,121.9,287,108.7,1,NA
4/18/2021,10:00:00 PM,0,471.6,3.92,12.085,18.21,51.24,1,NA
4/18/2021,10:10:00 PM,0,143.4,0,0.212,0.082,0,0.6,NA
4/18/2021,10:20:00 PM,0,501.9,4.91,8.591,2.27,1.556,1,NA
4/18/2021,10:30:00 PM,0,306.3,28.15,28.2,24.15,22.61,0.9,NA
4/18/2021,10:40:00 PM,0,213.4,1.46,8.46,1.74,0.768,0.4,NA
4/18/2021,10:50:00 PM,0,15.4,0,0,0,0,0,NA
4/18/2021,11:00:00 PM,0,38.1,0,0,0,0,0,NA
4/18/2021,11:10:00 PM,0,18.8,0,0,0,0,0,NA
4/18/2021,11:20:00 PM,0,27,0,0,0,0,0.1,NA
4/18/2021,11:30:00 PM,0,0,0,0,0,0,0,NA
4/18/2021,11:40:00 PM,0,0,0,0,0,0,0,NA
4/18/2021,11:50:00 PM,0,0,0,0,0,0,0,NA
4/18/2021,12:00:00 AM,0,0,0,0,0,0,0,NA
4/19/2021,12:10:00 AM,0,0,0,0,0,0,0,NA
4/19/2021,12:20:00 AM,0,18.3,0,0,0,0,0,NA
4/19/2021,12:30:00 AM,0,0.2,0,0,0,0,0,NA
4/19/2021,12:40:00 AM,0,0,0,0,0,0,0,NA
4/19/2021,12:50:00 AM,0,0,0,0,0,0,0,NA
4/19/2021,1:00:00 AM,0,6.2,0,0,0,0,0,NA
4/19/2021,1:10:00 AM,0,3.6,0,0,0,0,0,NA
4/19/2021,1:20:00 AM,0,0.5,0,0,0,0,0,NA
4/19/2021,1:30:00 AM,0,0,0,0,0,0,0,NA
4/19/2021,1:40:00 AM,0,0,0,0,0,0,0,NA
4/19/2021,1:50:00 AM,0,5,0,0,0,0,0,NA
4/19/2021,2:00:00 AM,0,19.4,0,0,0,0,0,NA
4/19/2021,2:10:00 AM,0,0,0,0,0,0,0,NA
4/19/2021,2:20:00 AM,0,0,0,0,0,0,0,NA
4/19/2021,2:30:00 AM,0,0,0,0,0,0,0,NA
4/19/2021,2:40:00 AM,0,0,0,0,0,0,0,NA
4/19/2021,2:50:00 AM,0,25.2,0,0,0,0,0,NA
4/19/2021,3:00:00 AM,0,0,0,0,0,0,0,NA
4/19/2021,3:10:00 AM,0,1.4,0,0,0,0,0,NA
4/19/2021,3:20:00 AM,0,35.7,0,0,0,0,0,NA
4/19/2021,3:30:00 AM,0,11,0,0,0,0,0,NA
4/19/2021,3:40:00 AM,0,1.8,0,0,0,0,0,NA
4/19/2021,3:50:00 AM,0,10.5,0,0,0,0,0,NA
4/19/2021,4:00:00 AM,0,0,0,0,0,0,0,NA
4/19/2021,4:10:00 AM,0,0,0,0,0,0,0,NA
4/19/2021,4:20:00 AM,0,12.5,0,0,0,0,0,NA
4/19/2021,4:30:00 AM,0,10.1,0,0,0,0,0,NA
4/19/2021,4:40:00 AM,0,0,0,0,0,0,0,NA
4/19/2021,4:50:00 AM,0,0,0,0,0,0,0,NA
4/19/2021,5:00:00 AM,0,0,0,0,0,0,0,NA
4/19/2021,5:10:00 AM,0,0,0,0,0,0,0,NA
4/19/2021,5:20:00 AM,0,0,0,0,0,0,0,NA
4/19/2021,5:30:00 AM,0,29.8,0,0,0,0,0.1,NA
4/19/2021,5:40:00 AM,0,13.4,0,0,0,0,0,NA
4/19/2021,5:50:00 AM,0,0.8,0,0,0,0,0,NA
4/19/2021,6:00:00 AM,0,7.1,0,0,0,0,0,NA
4/19/2021,6:10:00 AM,0,3,0,0,0,0,0,NA
4/19/2021,6:20:00 AM,0,29.3,0,0.081,0,0,0.1,NA
4/19/2021,6:30:00 AM,0,0.2,6.08,8.84,9.07,5.81,0,NA
4/19/2021,6:40:00 AM,0,0,8.35,11.8,12.8,8.09,0,NA
4/19/2021,6:50:00 AM,0,0,11.05,14.8,16.7,10.59,0,NA
4/19/2021,7:00:00 AM,0,8,2.39,3.2,3.6,2.3,0,NA
4/19/2021,7:10:00 AM,0,38.6,5.41,5.661,6.05,3.55,0,NA
4/19/2021,7:20:00 AM,0,2.2,1.51,2.88,2.22,1.4,0,NA
4/19/2021,7:30:00 AM,0,10.9,1.47,2.701,2.219,1.33,0,NA
4/19/2021,7:40:00 AM,0,1.9,0,0,0,0,0,NA
4/19/2021,7:50:00 AM,0,0,0,0,0,0,0,NA
4/19/2021,8:00:00 AM,0,36.7,28.5,45.69,34.222,22.4166,0,NA
4/19/2021,8:10:00 AM,0,0,104,178,104,76.2,0,NA
4/19/2021,8:20:00 AM,0,21.4,93.83,177,107,74,0,NA
4/19/2021,8:30:00 AM,0,8.1,53.5,106.2,63.5,39.3,0,NA
4/19/2021,8:40:00 AM,0,39.7,21.63,34.8,21.97,15.96,0,NA
4/19/2021,8:50:00 AM,0,7.6,2.25,4.2,2.33,1.62,0,NA
4/19/2021,9:00:00 AM,0,25.1,26.92,44.9,28.6,20.4,0,NA
4/19/2021,9:10:00 AM,0,15.6,320.6,548,414,272,0,NA
4/19/2021,9:20:00 AM,0,75.1,11447.24,28331.7,15454.1,11913.58,0,NA
4/19/2021,9:30:00 AM,0,170.1,843.69,1687,1182,696,0.4,NA
4/19/2021,9:40:00 AM,0,232.6,562.61,989.231,727.4,469.51,0.6,NA
4/19/2021,9:50:00 AM,0,200.4,52.83,79.63,63.47,42.25,0.7,NA
4/19/2021,10:00:00 AM,0,79.2,115.43,157.4,167.8,88.9,0.1,NA
4/19/2021,10:10:00 AM,0,72.5,95.79,199.5,104.9,89,0.1,NA
4/19/2021,10:20:00 AM,0,99.2,18.3,50.25,21.46,18.12,0.2,NA
4/19/2021,10:30:00 AM,0,693.7,115.13,166.9,129.7,86.7,1,NA
4/19/2021,10:40:00 AM,0,706.8,74.59,156.7,97.21,69.5,0.9,NA
4/19/2021,10:50:00 AM,0,118.3,83.92,155.7,97.99,68.444,0,NA
4/19/2021,11:00:00 AM,0,67.2,100.54,179.1,135.57,88.071,0,NA
4/19/2021,11:10:00 AM,0,74.5,389.04,830.5,505.32,373.88,0,NA
4/19/2021,11:20:00 AM,0,209,130.98,225.9,220,124.56,0.5,NA
4/19/2021,11:30:00 AM,0,151.2,14.58,30.54,19.914,13.332,0.4,NA
4/19/2021,11:40:00 AM,0,155.5,34.65,72.4,43.55,29.32,0.5,NA
4/19/2021,11:50:00 AM,0,239.1,130.58,208.3,185.87,117.695,0.5,NA
4/19/2021,12:00:00 PM,0,152.5,111.47,171.7,178.53,103.324,0.2,NA
4/19/2021,12:10:00 PM,0,123.4,141.84,252.2,212.8,144.4,0.2,NA
4/19/2021,12:20:00 PM,0,84.6,68.85,120.3,107.38,70.77,0.1,NA
4/19/2021,12:30:00 PM,0,422.4,53.74,103.61,80.824,56.773,0.9,NA
4/19/2021,12:40:00 PM,0,595.9,5.64,18.6,6.961,4.815,1,NA
4/19/2021,12:50:00 PM,0,501.7,2.15,17.55,2.127,0.914,1,NA
4/19/2021,1:00:00 PM,0,281.3,57.49,388.7,62.7,25.5,0.9,NA
4/19/2021,1:10:00 PM,0,256.7,19.56,148.3,21.99,8.23,1,NA
4/19/2021,1:20:00 PM,0,273.3,23.69,113.375,28.676,10.3048,0.8,NA
4/19/2021,1:30:00 PM,0,74.8,0.08,0.324,0.122,0.0372,0.1,NA
4/19/2021,1:40:00 PM,0,356.7,5.07,28.312,6.488,2.7606,0.8,NA
4/19/2021,1:50:00 PM,0,192.2,0,0.671,0.246,0,0.5,NA
4/19/2021,2:00:00 PM,0,193.6,57.48,3.011,6.712,3.389,0.5,NA
4/19/2021,2:10:00 PM,0,442.2,0,0.314,0.029,0,1,NA
4/19/2021,2:20:00 PM,0,387.9,1.28,2.101,2.1,0.89,1,NA
4/19/2021,2:30:00 PM,0,412.2,2.94,1.164,0.93,0.37,1,NA
4/19/2021,2:40:00 PM,0,418.3,0,0.553,1.86,0,1,NA
4/19/2021,2:50:00 PM,0,416.7,5.39,2.681,4.463,1.248,1,NA
4/19/2021,3:00:00 PM,0,351.4,1.96,1.583,1.32,0.75,1,NA
4/19/2021,3:10:00 PM,0,376.9,0.73,1.973,2.222,1.36,1,NA
4/19/2021,3:20:00 PM,0,403.7,1.28,3.931,3.722,2.79,0.9,NA
4/19/2021,3:30:00 PM,0,273.8,0,0.642,1.205,0,0.9,NA
4/19/2021,3:40:00 PM,0,490,0,0.081,0,0,1,NA
4/19/2021,3:50:00 PM,0,474.3,0,0.293,0.082,0,1,NA
4/19/2021,4:00:00 PM,0,459,0,0.18,0.246,0,1,NA
4/19/2021,4:10:00 PM,0,466.5,0,0,0,0,1,NA
4/19/2021,4:20:00 PM,0,697.1,0,0.081,0.029,0,1,NA
4/19/2021,4:30:00 PM,0,622.2,0,0.141,0.082,0,1,NA
4/19/2021,4:40:00 PM,0,593.3,0,0.432,0,0,1,NA
4/19/2021,4:50:00 PM,0,51.2,0.24,0.372,1.889,0.158,0,NA
4/19/2021,5:00:00 PM,0,278.7,0,0.231,0.93,0,0.4,NA
4/19/2021,5:10:00 PM,0,445.5,0.24,0.391,1.86,0.158,1,NA
4/19/2021,5:20:00 PM,0,552.4,0,0.303,0.14,0,1,NA
4/19/2021,5:30:00 PM,0,414.4,1.08,4.381,10.494,1.869,1,NA
4/19/2021,5:40:00 PM,0,345.8,0,1.792,1.863,20.54,0.9,NA
4/19/2021,5:50:00 PM,0,381.4,0,1.155,0.894,0.31,1,NA
4/19/2021,6:00:00 PM,0,612.7,0,0.162,0.058,0,1,NA
4/19/2021,6:10:00 PM,0,643.1,0,0.16,0.93,0,1,NA
4/19/2021,6:20:00 PM,0,570.3,0.12,0.751,1.66,0.389,1,NA
4/19/2021,6:30:00 PM,0,398.7,3.51,10.961,3.78,1.2633,0.9,NA
4/19/2021,6:40:00 PM,0,153.5,5.39,26.69,7.484,2.339,0.3,NA
4/19/2021,6:50:00 PM,0,187.9,27.22,95.62,43.16,21.558,0.5,NA
4/19/2021,7:00:00 PM,0,407.4,0.61,4.64,0.698,0.2641,1,NA
4/19/2021,7:10:00 PM,0,414.8,0.72,5.091,0.836,0.3543,0.7,NA
4/19/2021,7:20:00 PM,0,207.1,1.95,15.261,2.102,0.8713,0.7,NA
4/19/2021,7:30:00 PM,0,278.4,0.96,8.114,1.002,0.4124,0.7,NA
4/19/2021,7:40:00 PM,0,90.9,0.4,3.76,0.336,0.1713,0.2,NA
4/19/2021,7:50:00 PM,0,156.9,0.53,4.82,0.47,0.223,0.2,NA
4/19/2021,8:00:00 PM,0,91.8,0.58,5.28,0.505,0.2433,0.2,NA
4/19/2021,8:10:00 PM,0,43.4,0.55,5.12,0.474,0.232,0,NA
4/19/2021,8:20:00 PM,0,113.3,0.48,4.52,0.419,0.204,0.2,NA
4/19/2021,8:30:00 PM,0,156.9,0.46,4.48,0.414,0.203,0.4,NA
4/19/2021,8:40:00 PM,0,93.3,0.09,0.716,0.083,0.0371,0.2,NA
4/19/2021,8:50:00 PM,0,197.3,0.08,0.667,0.123,0.034,0.3,NA
4/19/2021,9:00:00 PM,0,159.3,0.06,0.436,0.065,0.0217,0.5,NA
4/19/2021,9:10:00 PM,0,200,0.56,5.11,0.492,0.238,0.5,NA
4/19/2021,9:20:00 PM,0,128.7,0.54,5.21,0.485,0.237,0.2,NA
4/19/2021,9:30:00 PM,0,45.6,0.4,3.69,0.337,0.1704,0,NA
4/19/2021,9:40:00 PM,0,211.2,0.07,0.63,0.071,0.0324,0.6,NA
4/19/2021,9:50:00 PM,0,423.5,1.6,9.462,1.847,0.8585,0.7,NA
4/19/2021,10:00:00 PM,0,149.6,3.29,18.07,3.816,2.038,0.4,NA
4/19/2021,10:10:00 PM,0,209.2,4.38,24.1,5.06,2.88,0.8,NA
4/19/2021,10:20:00 PM,0,77.6,6.99,35.9,8.04,6.14,0,NA
4/19/2021,10:30:00 PM,0,126.3,5.6,29.3,6.57,4.85,0.2,NA
4/19/2021,10:40:00 PM,0,205.7,2.25,12.02,2.697,1.514,0.5,NA
4/19/2021,10:50:00 PM,0,113.5,0,0.241,1.942,0,0,NA
4/19/2021,11:00:00 PM,0,77.5,0,0,0,0,0,NA
4/19/2021,11:10:00 PM,0,48.1,0,0,0,0,0.1,NA
4/19/2021,11:20:00 PM,0,58.1,0,0,0,0,0.1,NA
4/19/2021,11:30:00 PM,0,0.8,0,0,0,0,0,NA
4/19/2021,11:40:00 PM,0,1.1,0,0,0,0,0,NA
4/19/2021,11:50:00 PM,0,0,0,0,0,0,0,NA
4/19/2021,12:00:00 AM,0,0.6,0,0,0,0,0,NA
4/20/2021,12:10:00 AM,0,0.6,0,0,0,0,0,NA
4/20/2021,12:20:00 AM,0,18.3,0,0,0,0,0,NA
4/20/2021,12:30:00 AM,0,0,0,0,0,0,0,NA
4/20/2021,12:40:00 AM,0,1.2,0,0,0,0,0,NA
4/20/2021,12:50:00 AM,0,0.3,0,0,0,0,0,NA
4/20/2021,1:00:00 AM,0,9.4,0,0,0,0,0,NA
4/20/2021,1:10:00 AM,0,0,0,0,0,0,0,NA
4/20/2021,1:20:00 AM,0,4.6,0,0,0,0,0,NA
4/20/2021,1:30:00 AM,0,0,0,0,0,0,0,NA
4/20/2021,1:40:00 AM,0,0,0,0,0,0,0,NA
4/20/2021,1:50:00 AM,0,0.2,0,0,0,0,0,NA
4/20/2021,2:00:00 AM,0,0,0,0,0,0,0,NA
4/20/2021,2:10:00 AM,0,7.3,0,0,0,0,0,NA
4/20/2021,2:20:00 AM,0,0,0,0,0,0,0,NA
4/20/2021,2:30:00 AM,0,7.8,0,0,0,0,0,NA
4/20/2021,2:40:00 AM,0,4,0,0,0,0,0,NA
4/20/2021,2:50:00 AM,0,8.8,0,0,0,0,0,NA
4/20/2021,3:00:00 AM,0,0,0,0,0,0,0,NA
4/20/2021,3:10:00 AM,0,0,0,0,0,0,0,NA
4/20/2021,3:20:00 AM,0,0,0,0,0,0,0,NA
4/20/2021,3:30:00 AM,0,7.6,0,0,0,0,0,NA
4/20/2021,3:40:00 AM,0,0,0,0,0,0,0,NA
4/20/2021,3:50:00 AM,0,21.6,0,0,0,0,0,NA
4/20/2021,4:00:00 AM,0,0.4,0,0,0,0,0,NA
4/20/2021,4:10:00 AM,0,0,0,0,0,0,0,NA
4/20/2021,4:20:00 AM,0,0.2,0,0,0,0,0,NA
4/20/2021,4:30:00 AM,0,0.2,0,0,0,0,0,NA
4/20/2021,4:40:00 AM,0,0,0,0,0,0,0,NA
4/20/2021,4:50:00 AM,0,0,0,0,0,0,0,NA
4/20/2021,5:00:00 AM,0,0.7,0,0,0,0,0,NA
4/20/2021,5:10:00 AM,0,0,0,0,0,0,0,NA
4/20/2021,5:20:00 AM,0,12.5,0,0,0,0,0,NA
4/20/2021,5:30:00 AM,0,8.2,0,0,0,0,0,NA
4/20/2021,5:40:00 AM,0,0,0,0,0,0,0,NA
4/20/2021,5:50:00 AM,0,26.1,0.52,1.011,0.843,0.4003,0.1,NA
4/20/2021,6:00:00 AM,0,32.8,0.39,0.632,0.762,0.3151,0.1,NA
4/20/2021,6:10:00 AM,0,1,0.1,0.689,0.163,0.0465,0,NA
4/20/2021,6:20:00 AM,0,10.7,5.76,8.762,10.3,6.0956,0,NA
4/20/2021,6:30:00 AM,0,14.4,0,0.355,0.03,0,0,NA
4/20/2021,6:40:00 AM,0,54.4,1,0.282,0.012,0.1262,0.1,NA
4/20/2021,6:50:00 AM,0,35.3,0,0,0,0,0,NA
4/20/2021,7:00:00 AM,0,20.1,1.15,4.34,1.442,1.25,0,NA
4/20/2021,7:10:00 AM,0,24.2,0.59,2.38,0.729,0.5613,0,NA
4/20/2021,7:20:00 AM,0,3.4,0,0,0,0,0,NA
4/20/2021,7:30:00 AM,0,12.5,0,0,0,0,0,NA
4/20/2021,7:40:00 AM,0,0,0,0,0,0,0,NA
4/20/2021,7:50:00 AM,0,0,0,0,0,0,0,NA
4/20/2021,8:00:00 AM,0,0,0,0,0,0,0,NA
4/20/2021,8:10:00 AM,0,24.9,0.56,4.07,0.66,0.245,0,NA
4/20/2021,8:20:00 AM,0,78.2,13.62,30.89,17.011,12.476,0.1,NA
4/20/2021,8:30:00 AM,0,57,11.67,27.8,13.64,8.58,0.1,NA
4/20/2021,8:40:00 AM,0,50.7,505.5,885.2,586.6,445.9,0.1,NA
4/20/2021,8:50:00 AM,0,34.4,282.98,476.34,356.91,253.67,0,NA
4/20/2021,9:00:00 AM,0,2.9,53.71,107.7,65.1,46.1,0,NA
4/20/2021,9:10:00 AM,0,7,56.65,115.94,66.926,49.1473,0,NA
4/20/2021,9:20:00 AM,0,55.9,1145.49,8673.6,1153.458,503.825,0.1,NA
4/20/2021,9:30:00 AM,0,79,2115.26,13160.6,11217.7,4440.6,0.2,NA
4/20/2021,9:40:00 AM,0,332.8,336.16,544.1,498.3,295.7,0.9,NA
4/20/2021,9:50:00 AM,0,537.4,276.73,471.8,352.96,241.62,1,NA
